Location,Long,Lat,Surveyor,Station_ID,Transect,Distance,Rrav,Rmeg,Mmus,Mcal,Dist_urban,Dist_road,Dist_levee,Elev
Almonte,-122.523368,37.886397,CA,ALM_T1_20,T1,20,0,1,0,0,,,,
Almonte,-122.52316,37.886468,CA,ALM_T1_40,T1,40,0,1,0,0,,,,
Almonte,-122.522951,37.88654,CA,ALM_T1_60,T1,60,0,1,0,0,,,,
Almonte,-122.522743,37.886612,CA,ALM_T1_80,T1,80,0,1,0,0,,,,
Almonte,-122.522534,37.886683,CA,ALM_T1_100,T1,100,0,1,0,0,,,,
Almonte,-122.524845,37.890099,CA,ALM_T2_20,T2,20,0,0,0,0,,,,
Almonte,-122.524631,37.890037,CA,ALM_T2_40,T2,40,0,0,0,0,,,,
Almonte,-122.524418,37.889975,CA,ALM_T2_60,T2,60,0,0,0,0,,,,
Almonte,-122.524204,37.889913,CA,ALM_T2_80,T2,80,0,0,0,0,,,,
Almonte,-122.523991,37.889851,CA,ALM_T2_100,T2,100,0,0,0,0,,,,
Almonte,-122.523777,37.889789,CA,ALM_T2_120,T2,120,0,0,0,0,,,,
Alto,-122.525986,37.894243,CA,ALT_T1_20,T1,20,0,1,0,0,,,,
Alto,-122.526163,37.894129,CA,ALT_T1_40,T1,40,0,1,0,0,,,,
Alto,-122.526339,37.894015,CA,ALT_T1_60,T1,60,0,1,0,0,,,,
Alto,-122.525797,37.893269,CA,ALT_T2_20,T2,20,0,0,0,0,,,,
Alto,-122.526,37.89328,CA,ALT_T2_40,T2,40,0,0,0,0,,,,
Alto,-122.526217,37.893302,CA,ALT_T2_60,T2,60,0,0,0,0,,,,
Alto,-122.526413,37.893328,CA,ALT_T2_80,T2,80,0,0,0,1,,,,
Alviso Triangle,-121.975427,37.453945,CA,TRI_T1_20,T1,20,0,1,0,1,,,,
Alviso Triangle,-121.975522,37.454109,CA,TRI_T1_40,T1,40,1,0,0,1,,,,
Alviso Triangle,-121.975617,37.454273,CA,TRI_T1_60,T1,60,1,0,1,0,,,,
Alviso Triangle,-121.975711,37.454436,CA,TRI_T1_80,T1,80,1,0,0,0,,,,
Alviso Triangle,-121.975806,37.4546,CA,TRI_T1_100,T1,100,0,1,0,0,,,,
Alviso Triangle,-121.975901,37.454764,CA,TRI_T1_120,T1,120,0,0,0,0,,,,
Alviso Triangle,-121.975995,37.454927,CA,TRI_T1_140,T1,140,1,0,0,0,,,,
Alviso Triangle,-121.97609,37.455091,CA,TRI_T1_160,T1,160,1,0,1,0,,,,
Alviso Triangle,-121.976185,37.455255,CA,TRI_T1_180,T1,180,1,1,1,0,,,,
Alviso Triangle,-121.982033,37.458469,CA,TRI_T2_20,T2,20,0,0,0,1,,,,
Alviso Triangle,-121.981889,37.458608,CA,TRI_T2_40,T2,40,1,0,0,0,,,,
Alviso Triangle,-121.981744,37.458747,CA,TRI_T2_60,T2,60,0,0,0,0,,,,
Alviso Triangle,-121.9816,37.458885,CA,TRI_T2_80,T2,80,0,0,0,0,,,,
Alviso Triangle,-121.981455,37.459024,CA,TRI_T2_100,T2,100,0,0,0,0,,,,
Alviso Triangle,-121.981311,37.459162,CA,TRI_T2_120,T2,120,0,0,0,0,,,,
Alviso Triangle,-121.981166,37.459301,CA,TRI_T2_140,T2,140,0,0,0,0,,,,
American Canyon,-122.271513,38.156023,CA,AMC_T1_20,T1,20,1,0,0,0,,,,
American Canyon,-122.271741,38.156023,CA,AMC_T1_40,T1,40,1,0,0,0,,,,
American Canyon,-122.271969,38.156022,CA,AMC_T1_60,T1,60,1,0,1,0,,,,
American Canyon,-122.272197,38.156022,CA,AMC_T1_80,T1,80,1,0,0,0,,,,
American Canyon,-122.272426,38.156021,CA,AMC_T1_100,T1,100,1,0,0,0,,,,
American Canyon,-122.272654,38.156021,CA,AMC_T1_120,T1,120,1,0,0,0,,,,
American Canyon,-122.272882,38.15602,CA,AMC_T1_140,T1,140,0,0,0,0,,,,
American Canyon,-122.268591,38.158894,CA,AMC_T2_20,T2,20,0,0,0,0,,,,
American Canyon,-122.268613,38.159073,CA,AMC_T2_40,T2,40,1,0,0,0,,,,
American Canyon,-122.268636,38.159253,CA,AMC_T2_60,T2,60,0,0,0,0,,,,
American Canyon,-122.268658,38.159432,CA,AMC_T2_80,T2,80,0,0,0,0,,,,
American Canyon,-122.268681,38.159611,CA,AMC_T2_100,T2,100,0,0,0,0,,,,
American Canyon,-122.268703,38.159791,CA,AMC_T2_120,T2,120,1,0,0,0,,,,
American Canyon,-122.268726,38.15997,CA,AMC_T2_140,T2,140,1,0,0,0,,,,
American Canyon,-122.268748,38.160149,CA,AMC_T2_160,T2,160,1,0,0,0,,,,
Arrowhead,-122.211225,37.741608,CA,ARO_T1_20,T1,20,0,0,1,0,,,,
Arrowhead,-122.211709,37.741391,CA,ARO_T1_40,T1,40,0,0,1,0,,,,
Arrowhead,-122.211831,37.741329,CA,ARO_T1_60,T1,60,0,0,1,0,,,,
Arrowhead,-122.211386,37.741511,CA,ARO_T1_80,T1,80,0,0,0,0,,,,
Arrowhead,-122.210825,37.74207,CA,ARO_T2_20,T2,20,0,0,0,0,,,,
Arrowhead,-122.210609,37.742126,CA,ARO_T2_40,T2,40,0,0,0,0,,,,
Arrowhead,-122.210393,37.742182,CA,ARO_T2_60,T2,60,0,0,1,0,,,,
Bay Point,-121.96596,38.041959,CA,BPT_T1_20,T1,20,0,0,0,0,,,,
Bay Point,-121.965793,38.041944,CA,BPT_T1_40,T1,40,0,0,0,0,,,,
Bay Point,-121.965632,38.041872,CA,BPT_T1_60,T1,60,0,0,1,0,,,,
Bay Point,-121.965513,38.041831,CA,BPT_T1_80,T1,80,1,0,1,0,,,,
Bay Point,-121.96535,38.041788,CA,BPT_T1_100,T1,100,1,1,1,0,,,,
Bay Point,-121.9652,38.041726,CA,BPT_T1_120,T1,120,0,1,1,0,,,,
Bay Point,-121.965026,38.041682,CA,BPT_T1_140,T1,140,0,1,1,0,,,,
Bay Point,-121.964852,38.041672,CA,BPT_T1_160,T1,160,0,0,0,0,,,,
Bay Point,-121.96831,38.04443,CA,BPT_T2_20,T2,20,1,0,0,0,,,,
Bay Point,-121.96825,38.04461,CA,BPT_T2_40,T2,40,0,0,1,0,,,,
Bay Point,-121.96819,38.04478,CA,BPT_T2_60,T2,60,0,0,0,0,,,,
Bay Point,-121.96814,38.04496,CA,BPT_T2_80,T2,80,1,0,0,0,,,,
Bay Point,-121.96808,38.04513,CA,BPT_T2_100,T2,100,1,0,0,0,,,,
Bay Point,-121.96802,38.04531,CA,BPT_T2_120,T2,120,0,0,1,0,,,,
Bay Point,-121.96797,38.04548,CA,BPT_T2_140,T2,140,0,0,1,0,,,,
Bay Point,-121.96791,38.04565,CA,BPT_T2_160,T2,160,0,0,1,0,,,,
Bay Point,-121.96785,38.04583,CA,BPT_T2_180,T2,180,0,0,1,0,,,,
Bay Point,-121.9678,38.046,CA,BPT_T2_200,T2,200,0,0,0,0,,,,
Bayfront Park,-122.5263,37.8987,CA,BFT_T1_20,T1,20,0,0,0,0,,,,
Bayfront Park,-122.5262,37.8985,CA,BFT_T1_40,T1,40,0,0,0,0,,,,
Bayfront Park,-122.5261,37.8984,CA,BFT_T1_60,T1,60,0,0,0,0,,,,
Bayfront Park,-122.526,37.8982,CA,BFT_T1_80,T1,80,0,0,0,0,,,,
Bayfront Park,-122.5259,37.8981,CA,BFT_T1_100,T1,100,0,0,0,0,,,,
Bayfront Park,-122.5258,37.8979,CA,BFT_T1_120,T1,120,0,0,0,0,,,,
Bayfront Park,-122.5266,37.9,CA,BFT_T2_20,T2,20,0,1,0,0,,,,
Bayfront Park,-122.5265,37.9,CA,BFT_T2_40,T2,40,0,1,0,0,,,,
Bayfront Park,-122.5264,37.9,CA,BFT_T2_60,T2,60,0,1,0,0,,,,
Bayfront Park,-122.526436,37.899379,CA,BFT_T2_80,T2,80,0,1,0,0,,,,
Belmont Slough,-122.253492,37.541238,JH,BLM_T1_20,T1,20,0,0,0,0,,,,
Belmont Slough,-122.253252,37.541232,JH,BLM_T1_40,T1,40,0,0,0,0,,,,
Belmont Slough,-122.253018,37.541217,JH,BLM_T1_60,T1,60,0,0,0,0,,,,
Belmont Slough,-122.252792,37.541198,JH,BLM_T1_80,T1,80,0,0,0,0,,,,
Belmont Slough,-122.252552,37.54119,JH,BLM_T1_100,T1,100,0,0,0,0,,,,
Belmont Slough,-122.252332,37.541175,JH,BLM_T1_120,T1,120,0,0,0,0,,,,
Belmont Slough,-122.252093,37.541162,JH,BLM_T1_140,T1,140,0,0,0,0,,,,
Belmont Slough,-122.251858,37.541143,JH,BLM_T1_160,T1,160,0,0,0,0,,,,
Belmont Slough,-122.251632,37.541097,JH,BLM_T1_180,T1,180,0,0,0,0,,,,
Belmont Slough,-122.251398,37.541098,JH,BLM_T1_200,T1,200,0,0,0,0,,,,
Belmont Slough,-122.251707,37.541429,JH,BLM_T2_20,T2,20,0,0,0,0,,,,
Belmont Slough,-122.251801,37.541604,JH,BLM_T2_40,T2,40,0,0,0,0,,,,
Belmont Slough,-122.251906,37.541776,JH,BLM_T2_60,T2,60,0,0,0,0,,,,
Belmont Slough,-122.252002,37.541951,JH,BLM_T2_80,T2,80,0,0,0,0,,,,
Belmont Slough,-122.252091,37.542127,JH,BLM_T2_100,T2,100,0,0,0,0,,,,
Belmont Slough,-122.252183,37.542299,JH,BLM_T2_120,T2,120,0,0,0,0,,,,
Belmont Slough,-122.252255,37.542477,JH,BLM_T2_140,T2,140,0,0,0,0,,,,
Belmont Slough,-122.252344,37.542656,JH,BLM_T2_160,T2,160,0,0,0,0,,,,
Belmont Slough,-122.252437,37.542831,JH,BLM_T2_180,T2,180,0,0,0,0,,,,
Belmont Slough,-122.252602,37.54299,JH,BLM_T2_200,T2,200,0,0,0,0,,,,
Benicia Industrial,-122.112653,38.080422,CA,BIU_T1_20,T1,20,0,0,1,0,,,,
Benicia Industrial,-122.112498,38.080291,CA,BIU_T1_40,T1,40,0,0,0,0,,,,
Benicia Industrial,-122.112343,38.080159,CA,BIU_T1_60,T1,60,0,0,1,0,,,,
Benicia Industrial,-122.112065,38.080202,CA,BIU_T1_80,T1,80,0,0,1,0,,,,
Benicia Industrial,-122.11196,38.080351,CA,BIU_T1_100,T1,100,0,1,0,1,,,,
Benicia Industrial,-122.111211,38.080579,CA,BIU_T1_120,T1,120,0,0,0,0,,,,
Benicia Industrial,-122.110239,38.080804,CA,BIU_T1_140,T1,140,0,1,1,0,,,,
Benicia Industrial,-122.113415,38.077463,CA,BIU_T2_20,T2,20,0,0,1,0,,,,
Benicia Industrial,-122.11333,38.07763,CA,BIU_T2_40,T2,40,1,0,1,0,,,,
Benicia Industrial,-122.113245,38.077797,CA,BIU_T2_60,T2,60,0,0,1,0,,,,
Benicia Industrial,-122.113159,38.077964,CA,BIU_T2_80,T2,80,0,0,0,0,,,,
Benicia Industrial,-122.113074,38.078131,CA,BIU_T2_100,T2,100,0,0,0,0,,,,
Benicia Industrial,-122.112988,38.078298,CA,BIU_T2_120,T2,120,0,1,0,0,,,,
Bothin South,-122.522582,37.881931,CA,BOS_T1_20,T1,20,0,1,0,0,,,,
Bothin South,-122.522459,37.882039,CA,BOS_T1_40,T1,40,0,0,0,0,,,,
Bothin South,-122.522425,37.882176,CA,BOS_T1_60,T1,60,0,0,0,0,,,,
Bothin South,-122.522359,37.882343,CA,BOS_T1_80,T1,80,0,0,0,0,,,,
Bothin South,-122.522196,37.882441,CA,BOS_T1_100,T1,100,0,0,0,0,,,,
Bothin South,-122.521991,37.88247,CA,BOS_T1_120,T1,120,0,0,0,0,,,,
Bothin South,-122.524605,37.883502,CA,BOS_T2_20,T2,20,0,0,0,1,,,,
Bothin South,-122.524501,37.883576,CA,BOS_T2_40,T2,40,0,0,0,1,,,,
Bothin South,-122.524222,37.883792,CA,BOS_T2_60,T2,60,0,0,0,0,,,,
Bothin South,-122.524065,37.883979,CA,BOS_T2_80,T2,80,0,0,0,0,,,,
Bothin Marsh,-122.523715,37.883526,JH,BOM_T1_20,T1,20,0,0,0,0,,,,
Bothin Marsh,-122.523554,37.883435,JH,BOM_T1_40,T1,40,0,0,0,0,,,,
Bothin Marsh,-122.523349,37.883401,JH,BOM_T1_60,T1,60,0,0,0,0,,,,
Bothin Marsh,-122.523413,37.88406,JH,BOM_T1_80,T1,80,0,0,0,0,,,,
Bothin Marsh,-122.523191,37.883993,JH,BOM_T1_100,T1,100,0,0,0,0,,,,
Bothin Marsh,-122.523965,37.883635,JH,BOM_T2_20,T2,20,0,0,0,0,,,,
Bothin Marsh,-122.523816,37.883798,JH,BOM_T2_40,T2,40,0,0,0,0,,,,
Bothin Marsh,-122.523765,37.883965,JH,BOM_T2_60,T2,60,0,0,0,0,,,,
Bothin Marsh,-122.523623,37.884111,JH,BOM_T2_80,T2,80,0,0,0,0,,,,
Bothin Marsh,-122.523449,37.88425,JH,BOM_T2_100,T2,100,0,0,0,0,,,,
Bothin Marsh,-122.523309,37.884431,JH,BOM_T2_120,T2,120,0,0,0,0,,,,
Bothin Marsh,-122.523346,37.88462,JH,BOM_T2_140,T2,140,0,0,0,0,,,,
Bothin Marsh,-122.523195,37.884772,JH,BOM_T2_160,T2,160,0,0,0,0,,,,
Bothin Marsh,-122.523191,37.884974,JH,BOM_T2_180,T2,180,0,0,0,0,,,,
Bothin Marsh,-122.523238,37.885144,JH,BOM_T2_200,T2,200,0,0,0,0,,,,
Browns Island,-121.869244,38.033989,JH,BRI_T1_20,T1,20,0,0,0,0,,,,
Browns Island,-121.86904,38.033912,JH,BRI_T1_40,T1,40,0,0,0,0,,,,
Browns Island,-121.86885,38.033805,JH,BRI_T1_60,T1,60,0,0,0,0,,,,
Browns Island,-121.868644,38.033728,JH,BRI_T1_80,T1,80,0,0,0,0,,,,
Browns Island,-121.868456,38.033637,JH,BRI_T1_100,T1,100,0,0,0,0,,,,
Browns Island,-121.868261,38.03353,JH,BRI_T1_120,T1,120,0,0,0,0,,,,
Browns Island,-121.868044,38.033463,JH,BRI_T1_140,T1,140,0,0,0,0,,,,
Browns Island,-121.867826,38.033424,JH,BRI_T1_160,T1,160,0,0,0,0,,,,
Browns Island,-121.867602,38.033377,JH,BRI_T1_180,T1,180,0,0,0,0,,,,
Browns Island,-121.867379,38.033327,JH,BRI_T1_200,T1,200,0,0,0,0,,,,
Burdell Unit,-122.557624,38.149367,JH,BUR_T1_20,T1,20,0,0,0,0,,,,
Burdell Unit,-122.557694,38.1492,JH,BUR_T1_40,T1,40,0,0,0,0,,,,
Burdell Unit,-122.557779,38.149029,JH,BUR_T1_60,T1,60,0,0,0,0,,,,
Burdell Unit,-122.557852,38.148848,JH,BUR_T1_80,T1,80,0,0,0,0,,,,
Burdell Unit,-122.55792,38.148667,JH,BUR_T1_100,T1,100,0,0,0,0,,,,
Burdell Unit,-122.557991,38.148496,JH,BUR_T1_120,T1,120,0,0,0,0,,,,
Burdell Unit,-122.55804,38.148309,JH,BUR_T1_140,T1,140,0,0,0,0,,,,
Burdell Unit,-122.558135,38.148123,JH,BUR_T1_160,T1,160,0,0,0,0,,,,
Burdell Unit,-122.558206,38.14794,JH,BUR_T1_180,T1,180,0,0,0,0,,,,
Burdell Unit,-122.55829,38.147761,JH,BUR_T1_200,T1,200,0,0,0,0,,,,
Burdell Unit,-122.558578,38.14716,JH,BUR_T2_20,T2,20,0,0,0,0,,,,
Burdell Unit,-122.558387,38.14706,JH,BUR_T2_40,T2,40,0,0,1,1,,,,
Burdell Unit,-122.558184,38.14695,JH,BUR_T2_60,T2,60,0,1,0,0,,,,
Burdell Unit,-122.558002,38.146825,JH,BUR_T2_80,T2,80,0,0,0,0,,,,
Burdell Unit,-122.557805,38.146707,JH,BUR_T2_100,T2,100,0,0,0,0,,,,
Burdell Unit,-122.557609,38.146593,JH,BUR_T2_120,T2,120,0,0,0,0,,,,
Burdell Unit,-122.557422,38.146467,JH,BUR_T2_140,T2,140,0,0,0,0,,,,
Burdell Unit,-122.557242,38.14636,JH,BUR_T2_160,T2,160,0,0,0,0,,,,
Burdell Unit,-122.557054,38.146234,JH,BUR_T2_180,T2,180,0,0,0,0,,,,
Burdell Unit,-122.556864,38.146112,JH,BUR_T2_200,T2,200,0,0,1,0,,,,
Byxbee Harbor,-122.104188,37.452682,CA,BYX_T1_20,T1,20,0,0,0,0,,,,
Byxbee Harbor,-122.104532,37.452689,CA,BYX_T1_40,T1,40,1,0,0,0,,,,
Byxbee Harbor,-122.104761,37.452626,CA,BYX_T1_60,T1,60,1,0,0,0,,,,
Byxbee Harbor,-122.104828,37.452554,CA,BYX_T1_80,T1,80,1,0,0,0,,,,
Byxbee Harbor,-122.103068,37.454632,CA,BYX_T2_20,T2,20,1,0,0,0,,,,
Byxbee Harbor,-122.103296,37.454889,CA,BYX_T2_40,T2,40,0,0,0,0,,,,
Byxbee Harbor,-122.103421,37.454955,CA,BYX_T2_60,T2,60,0,0,0,0,,,,
Byxbee Harbor,-122.103678,37.454965,CA,BYX_T2_80,T2,80,0,0,0,0,,,,
Byxbee Harbor,-122.103788,37.455127,CA,BYX_T2_100,T2,100,0,0,0,0,,,,
China Camp,-122.467556,38.003587,JH,CHI_T1_20,T1,20,0,0,0,0,,,,
China Camp,-122.467589,38.003401,JH,CHI_T1_40,T1,40,0,0,0,0,,,,
China Camp,-122.467631,38.003184,JH,CHI_T1_60,T1,60,0,0,0,0,,,,
China Camp,-122.467859,38.003184,JH,CHI_T1_80,T1,80,0,0,0,0,,,,
China Camp,-122.468083,38.003236,JH,CHI_T1_100,T1,100,0,0,0,0,,,,
China Camp,-122.468323,38.003286,JH,CHI_T1_120,T1,120,0,0,0,0,,,,
China Camp,-122.468563,38.003302,JH,CHI_T1_140,T1,140,0,0,0,0,,,,
China Camp,-122.468787,38.003326,JH,CHI_T1_160,T1,160,0,0,0,0,,,,
China Camp,-122.469017,38.003369,JH,CHI_T1_180,T1,180,0,0,0,0,,,,
China Camp,-122.469249,38.003447,JH,CHI_T1_200,T1,200,0,0,0,0,,,,
China Camp,-122.469471,38.003527,JH,CHI_T2_20,T2,20,0,0,0,0,,,,
China Camp,-122.469657,38.003634,JH,CHI_T2_40,T2,40,0,0,1,0,,,,
China Camp,-122.46986,38.003745,JH,CHI_T2_60,T2,60,0,0,0,0,,,,
China Camp,-122.470084,38.003832,JH,CHI_T2_80,T2,80,0,1,0,0,,,,
China Camp,-122.470198,38.003977,JH,CHI_T2_100,T2,100,0,0,0,0,,,,
China Camp,-122.470387,38.004119,JH,CHI_T2_120,T2,120,0,1,0,0,,,,
Corte Madera Triangle,-122.496124,37.921484,CA,CMT_T1_20,T1,20,0,0,0,0,,,,
Corte Madera Triangle,-122.496014,37.921642,CA,CMT_T1_40,T1,40,0,1,0,0,,,,
Corte Madera Triangle,-122.495904,37.9218,CA,CMT_T1_60,T1,60,0,1,0,0,,,,
Corte Madera Triangle,-122.495794,37.921957,CA,CMT_T1_80,T1,80,0,1,0,0,,,,
Corte Madera Triangle,-122.495684,37.922115,CA,CMT_T1_100,T1,100,0,1,0,0,,,,
Corte Madera Triangle,-122.495776,37.922331,CA,CMT_T1_120,T1,120,0,1,0,0,,,,
Corte Madera Triangle,-122.497117,37.921637,CA,CMT_T2_20,T2,20,0,0,0,0,,,,
Corte Madera Triangle,-122.497068,37.921812,CA,CMT_T2_40,T2,40,0,1,0,0,,,,
Corte Madera Triangle,-122.497018,37.921988,CA,CMT_T2_60,T2,60,0,1,0,0,,,,
Corte Madera Triangle,-122.496969,37.922164,CA,CMT_T2_80,T2,80,0,1,0,0,,,,
Corte Madera Triangle,-122.49692,37.92234,CA,CMT_T2_100,T2,100,0,1,0,0,,,,
Corte Madera Triangle,-122.49687,37.922516,CA,CMT_T2_120,T2,120,0,1,0,0,,,,
Corte Madera Triangle,-122.496821,37.922692,CA,CMT_T2_140,T2,140,0,1,0,0,,,,
Corte Madera Triangle,-122.496771,37.922868,CA,CMT_T2_160,T2,160,0,1,0,0,,,,
Corte Madera Triangle,-122.496722,37.923044,CA,CMT_T2_180,T2,180,0,1,0,0,,,,
Creekside,-122.538938,37.949215,CA,LCS_T1_20,T1,20,0,0,1,0,,,,
Creekside,-122.539166,37.949211,CA,LCS_T1_40,T1,40,0,0,1,0,,,,
Creekside,-122.539393,37.949206,CA,LCS_T1_60,T1,60,0,1,1,0,,,,
Creekside,-122.539621,37.949202,CA,LCS_T1_80,T1,80,0,0,1,0,,,,
Creekside,-122.539848,37.949197,CA,LCS_T1_100,T1,100,0,0,0,0,,,,
Creekside,-122.540076,37.949193,CA,LCS_T1_120,T1,120,0,0,1,0,,,,
Creekside,-122.538835,37.948648,CA,LCS_T2_20,T2,20,0,0,1,0,,,,
Creekside,-122.538975,37.948506,CA,LCS_T2_40,T2,40,0,0,1,0,,,,
Creekside,-122.539114,37.948363,CA,LCS_T2_60,T2,60,0,0,1,0,,,,
Creekside,-122.539253,37.94822,CA,LCS_T2_80,T2,80,0,0,0,0,,,,
Cullinan Ranch,-122.307429,38.130216,JH,CUL_T1_20,T1,20,0,0,0,0,,,,
Cullinan Ranch,-122.307333,38.130045,JH,CUL_T1_40,T1,40,0,0,0,0,,,,
Cullinan Ranch,-122.30721,38.129868,JH,CUL_T1_60,T1,60,1,0,0,0,,,,
Cullinan Ranch,-122.307089,38.129688,JH,CUL_T1_80,T1,80,1,0,0,0,,,,
Cullinan Ranch,-122.306972,38.129515,JH,CUL_T1_100,T1,100,0,0,0,0,,,,
Cullinan Ranch,-122.306866,38.12935,JH,CUL_T1_120,T1,120,1,0,0,0,,,,
Cullinan Ranch,-122.30673,38.129194,JH,CUL_T1_140,T1,140,1,0,0,0,,,,
Cullinan Ranch,-122.306584,38.129044,JH,CUL_T1_160,T1,160,1,0,0,0,,,,
Cullinan Ranch,-122.306419,38.128901,JH,CUL_T1_180,T1,180,1,0,0,0,,,,
Cullinan Ranch,-122.306263,38.128785,JH,CUL_T1_200,T1,200,1,0,0,0,,,,
Cullinan Ranch,-122.311638,38.124614,JH,CUL_T2_20,T2,20,1,0,1,0,,,,
Cullinan Ranch,-122.311758,38.124438,JH,CUL_T2_40,T2,40,1,0,1,0,,,,
Cullinan Ranch,-122.31184,38.124264,JH,CUL_T2_60,T2,60,0,0,1,0,,,,
Cullinan Ranch,-122.311962,38.124095,JH,CUL_T2_80,T2,80,0,0,1,0,,,,
Cullinan Ranch,-122.31212,38.123933,JH,CUL_T2_100,T2,100,0,0,1,0,,,,
Cullinan Ranch,-122.31223,38.123772,JH,CUL_T2_120,T2,120,0,0,1,0,,,,
Cullinan Ranch,-122.31234,38.123593,JH,CUL_T2_140,T2,140,0,0,1,0,,,,
Cullinan Ranch,-122.312437,38.123417,JH,CUL_T2_160,T2,160,1,0,1,0,,,,
Cullinan Ranch,-122.312503,38.123241,JH,CUL_T2_180,T2,180,1,0,0,0,,,,
Cullinan Ranch,-122.312274,38.12307,JH,CUL_T2_200,T2,200,1,0,0,0,,,,
Dixon Landing,-121.928479,37.456601,JH,DIX_T1_20,T1,20,0,1,1,0,,,,
Dixon Landing,-121.928566,37.456758,JH,DIX_T1_40,T1,40,0,0,1,0,,,,
Dixon Landing,-121.928733,37.456869,JH,DIX_T1_60,T1,60,0,0,1,0,,,,
Dixon Landing,-121.928926,37.45696,JH,DIX_T1_80,T1,80,0,1,1,0,,,,
Dixon Landing,-121.929122,37.457026,JH,DIX_T1_100,T1,100,0,0,1,0,,,,
Dixon Landing,-121.929336,37.457038,JH,DIX_T1_120,T1,120,0,0,1,0,,,,
Dixon Landing,-121.929549,37.45701,JH,DIX_T1_140,T1,140,0,0,1,0,,,,
Dixon Landing,-121.929767,37.456952,JH,DIX_T1_160,T1,160,0,0,1,0,,,,
Dixon Landing,-121.928327,37.456811,JH,DIX_T2_20,T2,20,0,0,1,0,,,,
Dixon Landing,-121.928187,37.456656,JH,DIX_T2_40,T2,40,0,1,0,0,,,,
Dixon Landing,-121.92812,37.456462,JH,DIX_T2_60,T2,60,0,1,0,0,,,,
Dixon Landing,-121.928044,37.45628,JH,DIX_T2_80,T2,80,0,1,0,0,,,,
Dixon Landing,-121.927957,37.456083,JH,DIX_T2_100,T2,100,0,0,0,0,,,,
Dixon Landing,-121.9279,37.455916,JH,DIX_T2_120,T2,120,0,0,0,0,,,,
Dixon Landing,-121.927872,37.455724,JH,DIX_T2_140,T2,140,0,0,0,0,,,,
Dixon Landing,-121.927783,37.455557,JH,DIX_T2_160,T2,160,0,1,1,0,,,,
Dotson North,-122.363619,37.982719,CA,DTN_T1_20,T1,20,0,0,1,0,,,,
Dotson North,-122.363646,37.982922,CA,DTN_T1_40,T1,40,0,0,1,0,,,,
Dotson North,-122.363697,37.983168,CA,DTN_T1_60,T1,60,0,0,0,0,,,,
Dotson North,-122.362731,37.984234,CA,DTN_T2_20,T2,20,0,0,1,0,,,,
Dotson North,-122.362962,37.984125,CA,DTN_T2_40,T2,40,0,0,1,0,,,,
Dotson North,-122.363171,37.983998,CA,DTN_T2_60,T2,60,0,1,1,0,,,,
Dotson South,-122.364217,37.981676,CA,DTS_T1_20,T1,20,0,1,0,0,,,,
Dotson South,-122.364477,37.981805,CA,DTS_T1_40,T1,40,0,0,0,0,,,,
Dotson South,-122.364693,37.981943,CA,DTS_T1_60,T1,60,0,0,1,0,,,,
Dotson South,-122.364877,37.98216,CA,DTS_T1_80,T1,80,0,0,1,0,,,,
Dotson South,-122.364797,37.980749,CA,DTS_T2_20,T2,20,0,0,0,0,,,,
Dotson South,-122.364968,37.980905,CA,DTS_T2_40,T2,40,0,0,0,0,,,,
Dotson South,-122.365174,37.981105,CA,DTS_T2_60,T2,60,0,0,1,0,,,,
Dotson South,-122.365401,37.981278,CA,DTS_T2_80,T2,80,0,0,1,0,,,,
Enterprise,N/A,N/A,CA,HEN_T1_20,T1,20,0,0,0,0,,,,
Enterprise,N/A,N/A,CA,HEN_T1_40,T1,40,0,0,0,0,,,,
Enterprise,N/A,N/A,CA,HEN_T1_60,T1,60,0,0,0,0,,,,
Enterprise,N/A,N/A,CA,HEN_T1_80,T1,80,0,0,0,0,,,,
Enterprise,N/A,N/A,CA,HEN_T1_100,T1,100,0,0,0,0,,,,
Enterprise,N/A,N/A,CA,HEN_T2_20,T2,20,0,0,0,0,,,,
Enterprise,N/A,N/A,CA,HEN_T2_40,T2,40,0,0,0,0,,,,
Enterprise,N/A,N/A,CA,HEN_T2_60,T2,60,0,0,0,0,,,,
Enterprise,N/A,N/A,CA,HEN_T2_80,T2,80,0,0,0,0,,,,
Enterprise,N/A,N/A,CA,HEN_T2_100,T2,100,0,0,0,0,,,,
Flood Control Basin,-122.103346,37.437811,CA,FLC_T1_20,T1,20,0,0,0,0,,,,
Flood Control Basin,-122.10356,37.437867,CA,FLC_T1_40,T1,40,0,0,0,0,,,,
Flood Control Basin,-122.103775,37.437923,CA,FLC_T1_60,T1,60,0,0,0,0,,,,
Flood Control Basin,-122.10399,37.437979,CA,FLC_T1_80,T1,80,0,0,0,0,,,,
Flood Control Basin,-122.104205,37.438035,CA,FLC_T1_100,T1,100,0,0,0,0,,,,
Flood Control Basin,-122.10442,37.438091,CA,FLC_T1_120,T1,120,0,1,0,0,,,,
Flood Control Basin,-122.104635,37.438147,CA,FLC_T1_140,T1,140,0,0,0,0,,,,
Flood Control Basin,-122.104849,37.438203,CA,FLC_T1_160,T1,160,0,1,0,0,,,,
Flood Control Basin,-122.105064,37.438258,CA,FLC_T1_180,T1,180,0,1,0,0,,,,
Flood Control Basin,-122.105279,37.438314,CA,FLC_T1_200,T1,200,0,0,0,0,,,,
Flood Control Basin,-122.101194,37.440708,CA,FLC_T2_20,T2,20,0,0,0,0,,,,
Flood Control Basin,-122.101176,37.440939,CA,FLC_T2_40,T2,40,0,0,0,0,,,,
Flood Control Basin,-122.10115,37.441194,CA,FLC_T2_60,T2,60,0,0,0,0,,,,
Flood Control Basin,-122.101149,37.441372,CA,FLC_T2_80,T2,80,0,0,0,0,,,,
Flood Control Basin,-122.101138,37.441603,CA,FLC_T2_100,T2,100,0,0,0,0,,,,
Flood Control Basin,-122.101131,37.441813,CA,FLC_T2_120,T2,120,0,0,0,0,,,,
Flood Control Basin,-122.101116,37.442027,CA,FLC_T2_140,T2,140,0,0,0,0,,,,
Flood Control Basin,-122.101108,37.442228,CA,FLC_T2_160,T2,160,0,1,0,0,,,,
Flood Control Basin,-122.101111,37.442408,CA,FLC_T2_180,T2,180,0,0,0,0,,,,
Freeman Island,-121.985237,38.077623,JH,FRI_T1_20,T1,20,0,0,0,0,,,,
Freeman Island,-121.985099,38.077762,JH,FRI_T1_40,T1,40,1,0,0,0,,,,
Freeman Island,-121.98491,38.077864,JH,FRI_T1_60,T1,60,0,0,0,0,,,,
Freeman Island,-121.984726,38.077979,JH,FRI_T1_80,T1,80,0,0,0,0,,,,
Freeman Island,-121.984549,38.078088,JH,FRI_T1_100,T1,100,1,0,0,0,,,,
Freeman Island,-121.984342,38.078186,JH,FRI_T1_120,T1,120,1,0,0,0,,,,
Freeman Island,-121.984171,38.078314,JH,FRI_T1_140,T1,140,1,0,1,0,,,,
Freeman Island,-121.983971,38.078426,JH,FRI_T1_160,T1,160,1,0,0,0,,,,
Freeman Island,-121.983786,38.078547,JH,FRI_T1_180,T1,180,0,0,0,0,,,,
Freeman Island,-121.983594,38.07866,JH,FRI_T1_200,T1,200,0,0,0,0,,,,
Freeman Island,-121.986116,38.07791,JH,FRI_T2_20,T2,20,0,0,0,0,,,,
Freeman Island,-121.986322,38.077987,JH,FRI_T2_40,T2,40,0,0,0,0,,,,
Freeman Island,-121.986501,38.078074,JH,FRI_T2_60,T2,60,0,0,0,0,,,,
Freeman Island,-121.986689,38.078155,JH,FRI_T2_80,T2,80,0,0,0,0,,,,
Freeman Island,-121.986896,38.078215,JH,FRI_T2_100,T2,100,0,0,0,0,,,,
Freeman Island,-121.98715,38.078252,JH,FRI_T2_120,T2,120,0,0,0,1,,,,
Freeman Island,-121.987315,38.078379,JH,FRI_T2_140,T2,140,0,0,0,0,,,,
Freeman Island,-121.987451,38.07853,JH,FRI_T2_160,T2,160,0,0,0,0,,,,
Freeman Island,-121.987578,38.078682,JH,FRI_T2_180,T2,180,0,0,0,0,,,,
Freeman Island,-121.98772,38.078828,JH,FRI_T2_200,T2,200,0,0,0,0,,,,
Giant Marsh,-122.357492,37.991003,CA,GIA_T1_20,T1,20,0,1,0,0,,,,
Giant Marsh,-122.357716,37.99097,CA,GIA_T1_40,T1,40,0,1,0,0,,,,
Giant Marsh,-122.35794,37.990936,CA,GIA_T1_60,T1,60,0,1,0,0,,,,
Giant Marsh,-122.358164,37.990903,CA,GIA_T1_80,T1,80,0,1,0,0,,,,
Giant Marsh,-122.358387,37.99087,CA,GIA_T1_100,T1,100,0,1,0,0,,,,
Giant Marsh,-122.358611,37.990836,CA,GIA_T1_120,T1,120,0,1,0,0,,,,
Giant Marsh,-122.358835,37.990803,CA,GIA_T1_140,T1,140,0,1,0,0,,,,
Giant Marsh,-122.359059,37.99077,CA,GIA_T1_160,T1,160,0,0,0,0,,,,
Giant Marsh,-122.357588,37.989432,CA,GIA_T2_20,T2,20,0,1,0,0,,,,
Giant Marsh,-122.357805,37.989377,CA,GIA_T2_40,T2,40,0,1,1,0,,,,
Giant Marsh,-122.358022,37.989322,CA,GIA_T2_60,T2,60,0,1,1,0,,,,
Giant Marsh,-122.358238,37.989266,CA,GIA_T2_80,T2,80,0,1,1,0,,,,
Giant Marsh,-122.358455,37.989211,CA,GIA_T2_100,T2,100,0,0,0,0,,,,
Giant Marsh,-122.358672,37.989156,CA,GIA_T2_120,T2,120,0,1,0,0,,,,
Giant Marsh,-122.358888,37.9891,CA,GIA_T2_140,T2,140,0,1,1,0,,,,
Giant Marsh,-122.359105,37.989045,CA,GIA_T2_160,T2,160,0,0,0,0,,,,
Giant Marsh,-122.359322,37.98899,CA,GIA_T2_180,T2,180,0,1,1,0,,,,
Goodyear,-122.105562,38.083961,CA,GYS_T1_20,T1,20,0,0,0,0,,,,
Goodyear,-122.105335,38.083943,CA,GYS_T1_40,T1,40,1,0,1,0,,,,
Goodyear,-122.105108,38.083925,CA,GYS_T1_60,T1,60,1,1,1,1,,,,
Goodyear,-122.104882,38.083907,CA,GYS_T1_80,T1,80,0,0,0,1,,,,
Goodyear,-122.104655,38.083889,CA,GYS_T1_100,T1,100,0,0,1,0,,,,
Goodyear,-122.104428,38.083872,CA,GYS_T1_120,T1,120,0,0,1,1,,,,
Goodyear,-122.104201,38.083854,CA,GYS_T1_140,T1,140,1,0,1,0,,,,
Goodyear,-122.103675,38.084219,CA,GYS_T2_20,T2,20,0,0,1,1,,,,
Goodyear,-122.103626,38.084395,CA,GYS_T2_40,T2,40,1,0,1,1,,,,
Goodyear,-122.103576,38.084571,CA,GYS_T2_60,T2,60,1,1,1,0,,,,
Goodyear,-122.103527,38.084747,CA,GYS_T2_80,T2,80,1,0,1,0,,,,
Goodyear,-122.103477,38.084923,CA,GYS_T2_100,T2,100,1,0,1,0,,,,
Goodyear,-122.103427,38.085099,CA,GYS_T2_120,T2,120,1,0,1,0,,,,
Guadalcanal,-122.294761,38.117906,JH,GUA_T1_20,T1,20,0,0,0,0,,,,
Guadalcanal,-122.294538,38.117911,JH,GUA_T1_40,T1,40,1,0,0,0,,,,
Guadalcanal,-122.294285,38.117909,JH,GUA_T1_60,T1,60,1,0,0,0,,,,
Guadalcanal,-122.294047,38.117917,JH,GUA_T1_80,T1,80,1,0,0,0,,,,
Guadalcanal,-122.293816,38.11795,JH,GUA_T1_100,T1,100,1,0,0,0,,,,
Guadalcanal,-122.293586,38.117939,JH,GUA_T1_120,T1,120,0,0,0,0,,,,
Guadalcanal,-122.29334,38.11796,JH,GUA_T1_140,T1,140,1,0,1,0,,,,
Guadalcanal,-122.293089,38.117971,JH,GUA_T1_160,T1,160,1,0,0,0,,,,
Guadalcanal,-122.292854,38.11798,JH,GUA_T1_180,T1,180,1,0,0,0,,,,
Guadalcanal,-122.292616,38.117995,JH,GUA_T1_200,T1,200,1,0,1,0,,,,
Guadalcanal,-122.291525,38.117896,JH,GUA_T2_20,T2,20,1,0,1,0,,,,
Guadalcanal,-122.291572,38.11808,JH,GUA_T2_40,T2,40,0,0,0,0,,,,
Guadalcanal,-122.291595,38.118274,JH,GUA_T2_60,T2,60,0,0,0,0,,,,
Guadalcanal,-122.291581,38.118448,JH,GUA_T2_80,T2,80,1,0,0,0,,,,
Guadalcanal,-122.291615,38.118634,JH,GUA_T2_100,T2,100,0,0,0,0,,,,
Guadalcanal,-122.291623,38.118822,JH,GUA_T2_120,T2,120,1,0,0,0,,,,
Guadalcanal,-122.292883,38.118184,JH,GUA_T2_140,T2,140,1,0,0,0,,,,
Guadalcanal,-122.293134,38.118224,JH,GUA_T2_160,T2,160,1,0,0,0,,,,
Guadalcanal,-122.2934,38.118227,JH,GUA_T2_180,T2,180,1,0,0,0,,,,
Guadalcanal,-122.293659,38.118211,JH,GUA_T2_200,T2,200,0,0,0,0,,,,
HARD Marsh,N/A,N/A,CA,HARD_T1_20,T1,20,0,0,0,0,,,,
HARD Marsh,N/A,N/A,CA,HARD_T1_40,T1,40,0,0,0,0,,,,
HARD Marsh,N/A,N/A,CA,HARD_T1_60,T1,60,0,0,0,0,,,,
HARD Marsh,N/A,N/A,CA,HARD_T1_80,T1,80,0,0,0,0,,,,
HARD Marsh,N/A,N/A,CA,HARD_T1_100,T1,100,0,0,0,0,,,,
HARD Marsh,N/A,N/A,CA,HARD_T2_20,T2,20,1,0,0,0,,,,
HARD Marsh,N/A,N/A,CA,HARD_T2_40,T2,40,1,0,0,0,,,,
HARD Marsh,N/A,N/A,CA,HARD_T2_60,T2,60,1,0,0,0,,,,
HARD Marsh,N/A,N/A,CA,HARD_T2_80,T2,80,1,0,0,0,,,,
HARD Marsh,N/A,N/A,CA,HARD_T2_100,T2,100,0,0,0,0,,,,
Haystack,-122.612579,38.227366,JH,HAY_T1_20,T1,20,0,0,0,0,,,,
Haystack,-122.612458,38.227233,JH,HAY_T1_40,T1,40,0,0,1,0,,,,
Haystack,-122.612393,38.227059,JH,HAY_T1_60,T1,60,0,0,1,0,,,,
Haystack,-122.612312,38.226884,JH,HAY_T1_80,T1,80,0,0,1,0,,,,
Haystack,-122.612236,38.226715,JH,HAY_T1_100,T1,100,0,1,1,0,,,,
Haystack,-122.612149,38.226541,JH,HAY_T1_120,T1,120,0,0,1,0,,,,
Haystack,-122.612046,38.226371,JH,HAY_T1_140,T1,140,0,1,1,0,,,,
Haystack,-122.611899,38.226209,JH,HAY_T1_160,T1,160,0,1,1,0,,,,
Haystack,-122.611699,38.226116,JH,HAY_T1_180,T1,180,0,0,1,0,,,,
Haystack,-122.611489,38.226018,JH,HAY_T1_200,T1,200,0,0,1,0,,,,
Haystack,-122.611234,38.22603,JH,HAY_T2_20,T2,20,1,0,1,0,,,,
Haystack,-122.610991,38.226032,JH,HAY_T2_40,T2,40,0,0,1,0,,,,
Haystack,-122.610756,38.226033,JH,HAY_T2_60,T2,60,1,0,1,0,,,,
Haystack,-122.610531,38.226116,JH,HAY_T2_80,T2,80,0,0,1,0,,,,
Haystack,-122.610702,38.226261,JH,HAY_T2_100,T2,100,1,0,0,0,,,,
Haystack,-122.610892,38.226365,JH,HAY_T2_120,T2,120,0,0,1,1,,,,
Haystack,-122.611046,38.226498,JH,HAY_T2_140,T2,140,0,0,1,0,,,,
Haystack,-122.611258,38.226582,JH,HAY_T2_160,T2,160,1,0,1,0,,,,
Haystack,-122.611449,38.2267,JH,HAY_T2_180,T2,180,1,0,1,0,,,,
Haystack,-122.611622,38.22682,JH,HAY_T2_200,T2,200,0,0,1,0,,,,
Hayward Pasture,N/A,N/A,CA,HMP_T1_20,T1,20,0,0,0,0,,,,
Hayward Pasture,N/A,N/A,CA,HMP_T1_40,T1,40,0,0,1,0,,,,
Hayward Pasture,N/A,N/A,CA,HMP_T1_60,T1,60,0,0,0,0,,,,
Hayward Pasture,N/A,N/A,CA,HMP_T1_80,T1,80,0,0,1,0,,,,
Hayward Pasture,N/A,N/A,CA,HMP_T1_100,T1,100,0,0,0,0,,,,
Hayward Pasture,N/A,N/A,CA,HMP_T2_20,T2,20,0,0,0,0,,,,
Hayward Pasture,N/A,N/A,CA,HMP_T2_40,T2,40,1,0,1,0,,,,
Hayward Pasture,N/A,N/A,CA,HMP_T2_60,T2,60,0,0,0,0,,,,
Hayward Pasture,N/A,N/A,CA,HMP_T2_80,T2,80,1,0,1,0,,,,
Hayward Pasture,N/A,N/A,CA,HMP_T2_100,T2,100,0,0,0,0,,,,
Head Albrae,-121.995406,37.491072,JH,HED_T1_20,T1,20,0,0,0,0,,,,
Head Albrae,-121.995495,37.490897,JH,HED_T1_40,T1,40,0,0,0,0,,,,
Head Albrae,-121.995615,37.490741,JH,HED_T1_60,T1,60,0,0,0,0,,,,
Head Albrae,-121.995711,37.490586,JH,HED_T1_80,T1,80,0,0,0,0,,,,
Head Albrae,-121.995781,37.490422,JH,HED_T1_100,T1,100,0,0,0,0,,,,
Head Albrae,-121.995811,37.490238,JH,HED_T1_120,T1,120,0,0,0,0,,,,
Head Albrae,-121.995858,37.490064,JH,HED_T1_140,T1,140,0,0,0,0,,,,
Head Albrae,-121.995939,37.489891,JH,HED_T1_160,T1,160,1,1,0,0,,,,
Head Albrae,-121.995964,37.489713,JH,HED_T1_180,T1,180,1,0,0,0,,,,
Head Albrae,-121.996024,37.489539,JH,HED_T1_200,T1,200,0,0,0,0,,,,
Head Albrae,-121.991625,37.488264,JH,HED_T2_20,T2,20,0,1,0,0,,,,
Head Albrae,-121.99142,37.488214,JH,HED_T2_40,T2,40,0,0,0,0,,,,
Head Albrae,-121.991217,37.488124,JH,HED_T2_60,T2,60,0,0,0,0,,,,
Head Albrae,-121.991009,37.488031,JH,HED_T2_80,T2,80,0,0,0,0,,,,
Head Albrae,-121.990802,37.487967,JH,HED_T2_100,T2,100,0,0,0,0,,,,
Head Albrae,-121.990595,37.487888,JH,HED_T2_120,T2,120,0,0,0,0,,,,
Head Albrae,-121.99038,37.487829,JH,HED_T2_140,T2,140,0,0,0,0,,,,
Head Albrae,-121.99017,37.487767,JH,HED_T2_160,T2,160,0,0,0,0,,,,
Head Albrae,-121.989967,37.487694,JH,HED_T2_180,T2,180,0,0,0,0,,,,
Head Albrae,-121.989755,37.487631,JH,HED_T2_200,T2,200,0,0,0,0,,,,
Heerdt,-122.509759,37.938234,CA,HRT_T1_20,T1,20,0,0,1,0,,,,
Heerdt,-122.509535,37.938203,CA,HRT_T1_40,T1,40,0,0,0,0,,,,
Heerdt,-122.50931,37.938172,CA,HRT_T1_60,T1,60,0,0,1,0,,,,
Heerdt,-122.509086,37.93814,CA,HRT_T1_80,T1,80,0,0,1,0,,,,
Heerdt,-122.508862,37.938109,CA,HRT_T1_100,T1,100,0,0,1,0,,,,
Heerdt,-122.512698,37.94051,CA,HRT_T2_20,T2,20,0,1,1,0,,,,
Heerdt,-122.512512,37.940614,CA,HRT_T2_40,T2,40,0,1,1,0,,,,
Heerdt,-122.512326,37.940717,CA,HRT_T2_60,T2,60,0,1,1,0,,,,
Heerdt,-122.51214,37.940821,CA,HRT_T2_80,T2,80,0,1,1,0,,,,
Hercules,-122.292257,38.016318,JH,HER_T1_20,T1,20,0,0,0,0,,,,
Hercules,-122.292405,38.01619,JH,HER_T1_40,T1,40,0,0,1,0,,,,
Hercules,-122.292575,38.016075,JH,HER_T1_60,T1,60,0,0,1,0,,,,
Hercules,-122.292749,38.015945,JH,HER_T1_80,T1,80,0,0,0,0,,,,
Hercules,-122.292944,38.015838,JH,HER_T1_100,T1,100,0,0,0,0,,,,
Hercules,-122.293142,38.015715,JH,HER_T1_120,T1,120,0,0,1,0,,,,
Hercules,-122.293325,38.015599,JH,HER_T1_140,T1,140,0,0,1,0,,,,
Hercules,-122.293532,38.015504,JH,HER_T1_160,T1,160,0,0,0,0,,,,
Hercules,-122.293706,38.015392,JH,HER_T1_180,T1,180,0,0,0,0,,,,
Hercules,-122.293888,38.015267,JH,HER_T1_200,T1,200,0,0,0,0,,,,
Hercules,-122.293797,38.014725,JH,HER_T2_20,T2,20,0,0,0,0,,,,
Hercules,-122.294035,38.014735,JH,HER_T2_40,T2,40,0,0,0,0,,,,
Hercules,-122.294276,38.014751,JH,HER_T2_60,T2,60,0,0,0,0,,,,
Hercules,-122.294515,38.014753,JH,HER_T2_80,T2,80,0,0,0,0,,,,
Hercules,-122.294749,38.014751,JH,HER_T2_100,T2,100,0,0,0,0,,,,
Hercules,-122.29499,38.014772,JH,HER_T2_120,T2,120,0,0,0,0,,,,
Hercules,-122.295231,38.01473,JH,HER_T2_140,T2,140,0,0,0,0,,,,
Hill Slough 8,-121.980762,38.224083,CA,HS8_T1_20,T1,20,0,0,1,0,,,,
Hill Slough 8,-121.980961,38.223994,CA,HS8_T1_40,T1,40,0,0,1,0,,,,
Hill Slough 8,-121.98116,38.223906,CA,HS8_T1_60,T1,60,0,0,1,0,,,,
Hill Slough 8,-121.981359,38.223817,CA,HS8_T1_80,T1,80,0,1,1,0,,,,
Hill Slough 8,-121.981558,38.223728,CA,HS8_T1_100,T1,100,0,0,0,0,,,,
Hill Slough 8,-121.981757,38.22364,CA,HS8_T1_120,T1,120,0,0,0,0,,,,
Hill Slough 8,-121.981956,38.223551,CA,HS8_T1_140,T1,140,0,0,0,0,,,,
Hill Slough 8,-121.982155,38.223463,CA,HS8_T1_160,T1,160,0,0,0,0,,,,
Hill Slough 8,-121.982353,38.223374,CA,HS8_T1_180,T1,180,0,0,0,0,,,,
Hill Slough 8,-121.982552,38.223285,CA,HS8_T1_200,T1,200,0,0,0,0,,,,
Hill Slough 8,-121.983371,38.222361,CA,HS8_T2_20,T2,20,0,0,1,0,,,,
Hill Slough 8,-121.98357,38.222449,CA,HS8_T2_40,T2,40,0,0,1,0,,,,
Hill Slough 8,-121.983769,38.222538,CA,HS8_T2_60,T2,60,0,1,1,0,,,,
Hill Slough 8,-121.983968,38.222626,CA,HS8_T2_80,T2,80,0,0,0,0,,,,
Hill Slough 8,-121.984167,38.222714,CA,HS8_T2_100,T2,100,1,1,0,0,,,,
Hill Slough 8,-121.984367,38.222802,CA,HS8_T2_120,T2,120,0,0,0,0,,,,
Hill Slough 8,-121.984566,38.22289,CA,HS8_T2_140,T2,140,1,0,0,0,,,,
Hill Slough 8,-121.984765,38.222978,CA,HS8_T2_160,T2,160,0,0,0,0,,,,
Hill Slough 8,-121.984964,38.223067,CA,HS8_T2_180,T2,180,0,0,0,0,,,,
Hill Slough 8,-121.985163,38.223155,CA,HS8_T2_200,T2,200,0,0,0,0,,,,
Ideal Marsh,-122.113095,37.538477,JH,IDM_T1_20,T1,20,0,0,0,0,,,,
Ideal Marsh,-122.113346,37.53842,JH,IDM_T1_40,T1,40,0,0,0,0,,,,
Ideal Marsh,-122.113556,37.538366,JH,IDM_T1_60,T1,60,0,0,0,0,,,,
Ideal Marsh,-122.113801,37.538304,JH,IDM_T1_80,T1,80,0,0,0,0,,,,
Ideal Marsh,-122.113987,37.538204,JH,IDM_T1_100,T1,100,1,0,0,0,,,,
Ideal Marsh,-122.114194,37.538115,JH,IDM_T1_120,T1,120,0,0,0,0,,,,
Ideal Marsh,-122.114389,37.538017,JH,IDM_T1_140,T1,140,0,0,0,0,,,,
Ideal Marsh,-122.114693,37.537921,JH,IDM_T1_160,T1,160,0,0,0,0,,,,
Ideal Marsh,-122.114876,37.537784,JH,IDM_T1_180,T1,180,1,0,0,0,,,,
Ideal Marsh,-122.115114,37.537642,JH,IDM_T1_200,T1,200,0,0,0,0,,,,
Ideal Marsh,-122.109142,37.533404,JH,IDM_T2_20,T2,20,0,0,0,0,,,,
Ideal Marsh,-122.109322,37.533628,JH,IDM_T2_40,T2,40,0,0,0,0,,,,
Ideal Marsh,-122.109462,37.533789,JH,IDM_T2_60,T2,60,0,0,0,0,,,,
Ideal Marsh,-122.109623,37.533991,JH,IDM_T2_80,T2,80,0,0,0,0,,,,
Ideal Marsh,-122.109782,37.534187,JH,IDM_T2_100,T2,100,1,0,0,0,,,,
Ideal Marsh,-122.109949,37.534325,JH,IDM_T2_120,T2,120,0,0,0,0,,,,
Ideal Marsh,-122.110134,37.534516,JH,IDM_T2_140,T2,140,0,0,0,0,,,,
Ideal Marsh,-122.110254,37.534661,JH,IDM_T2_160,T2,160,0,0,0,0,,,,
Ideal Marsh,-122.110543,37.534811,JH,IDM_T2_180,T2,180,0,0,0,0,,,,
Ideal Marsh,-122.110689,37.534948,JH,IDM_T2_200,T2,200,0,0,0,0,,,,
Inner Bair,-122.226412,37.500279,CA,INB_T1_20,T1,20,1,0,1,0,,,,
Inner Bair,-122.226637,37.500258,CA,INB_T1_40,T1,40,1,0,0,0,,,,
Inner Bair,-122.226861,37.500236,CA,INB_T1_60,T1,60,1,0,1,0,,,,
Inner Bair,-122.227086,37.500214,CA,INB_T1_80,T1,80,1,0,0,0,,,,
Inner Bair,-122.22731,37.500192,CA,INB_T1_100,T1,100,0,1,0,0,,,,
Inner Bair,-122.227535,37.50017,CA,INB_T1_120,T1,120,1,0,0,0,,,,
Inner Bair,-122.227759,37.500148,CA,INB_T1_140,T1,140,1,0,1,0,,,,
Inner Bair,-122.227984,37.500126,CA,INB_T1_160,T1,160,1,0,0,0,,,,
Inner Bair,-122.228078,37.50114,CA,INB_T2_20,T2,20,1,0,1,0,,,,
Inner Bair,-122.22823,37.50101,CA,INB_T2_40,T2,40,0,0,0,0,,,,
Inner Bair,-122.228472,37.500642,CA,INB_T2_60,T2,60,0,0,1,0,,,,
Joice Island,-121.997073,38.193897,CA,JOI_T1_20,T1,20,0,0,0,0,,,,
Joice Island,-121.997185,38.19374,CA,JOI_T1_40,T1,40,0,0,0,0,,,,
Joice Island,-121.997298,38.193583,CA,JOI_T1_60,T1,60,0,0,0,0,,,,
Joice Island,-121.99741,38.193426,CA,JOI_T1_80,T1,80,1,0,0,0,,,,
Joice Island,-121.997522,38.193269,CA,JOI_T1_100,T1,100,1,0,0,0,,,,
Joice Island,-121.997634,38.193112,CA,JOI_T1_120,T1,120,1,0,0,1,,,,
Joice Island,-121.997746,38.192955,CA,JOI_T1_140,T1,140,1,0,0,0,,,,
Joice Island,-121.99418,38.193268,CA,JOI_T2_20,T2,20,1,0,1,0,,,,
Joice Island,-121.994251,38.193097,CA,JOI_T2_40,T2,40,1,0,0,0,,,,
Joice Island,-121.994322,38.192926,CA,JOI_T2_60,T2,60,1,0,0,0,,,,
Joice Island,-121.994393,38.192754,CA,JOI_T2_80,T2,80,1,0,0,0,,,,
Joice Island,-121.994464,38.192583,CA,JOI_T2_100,T2,100,1,0,1,0,,,,
Belden's Landing,-121.977102,38.188807,JH,BEL_T1_20,T1,20,0,0,0,0,,,,
Belden's Landing,-121.977318,38.188781,JH,BEL_T1_40,T1,40,0,0,0,0,,,,
Belden's Landing,-121.977533,38.188745,JH,BEL_T1_60,T1,60,0,0,0,0,,,,
Belden's Landing,-121.977748,38.188702,JH,BEL_T1_80,T1,80,0,0,0,0,,,,
Belden's Landing,-121.977987,38.188656,JH,BEL_T1_100,T1,100,0,0,0,0,,,,
Belden's Landing,-121.978242,38.18862,JH,BEL_T1_120,T1,120,0,0,0,0,,,,
Belden's Landing,-121.978511,38.188582,JH,BEL_T1_140,T1,140,0,0,0,0,,,,
Belden's Landing,-121.978751,38.188536,JH,BEL_T1_160,T1,160,0,0,0,0,,,,
Belden's Landing,-121.978982,38.188491,JH,BEL_T1_180,T1,180,0,0,0,0,,,,
Belden's Landing,-121.979219,38.188449,JH,BEL_T1_200,T1,200,0,0,0,0,,,,
Belden's Landing,-121.978265,38.189377,JH,BEL_T2_20,T2,20,0,0,0,0,,,,
Belden's Landing,-121.978496,38.189371,JH,BEL_T2_40,T2,40,0,0,1,0,,,,
Belden's Landing,-121.978697,38.189361,JH,BEL_T2_60,T2,60,0,0,1,0,,,,
Belden's Landing,-121.978902,38.189357,JH,BEL_T2_80,T2,80,0,0,1,0,,,,
Belden's Landing,-121.9791,38.189346,JH,BEL_T2_100,T2,100,0,0,0,0,,,,
Belden's Landing,-121.97929,38.18933,JH,BEL_T2_120,T2,120,0,0,0,0,,,,
Belden's Landing,-121.979495,38.189314,JH,BEL_T2_140,T2,140,0,0,0,0,,,,
Belden's Landing,-121.979717,38.189294,JH,BEL_T2_160,T2,160,1,0,0,0,,,,
Belden's Landing,-121.979923,38.18928,JH,BEL_T2_180,T2,180,0,0,0,0,,,,
Belden's Landing,-121.980141,38.189267,JH,BEL_T2_200,T2,200,0,0,0,0,,,,
Mallard Slough,-121.968727,37.445257,CA,MLD_T1_20,T1,20,1,0,0,0,,,,
Mallard Slough,-121.968501,37.445261,CA,MLD_T1_40,T1,40,0,1,1,1,,,,
Mallard Slough,-121.968275,37.445265,CA,MLD_T1_60,T1,60,0,0,0,0,,,,
Mallard Slough,-121.968049,37.445268,CA,MLD_T1_80,T1,80,1,0,0,0,,,,
Mallard Slough,-121.963471,37.444,CA,MLD_T2_20,T2,20,0,0,0,0,,,,
Mallard Slough,-121.963259,37.444064,CA,MLD_T2_40,T2,40,0,1,1,0,,,,
Mallard Slough,-121.963048,37.444129,CA,MLD_T2_60,T2,60,1,0,1,0,,,,
Mariner's Point,-122.290904,37.571181,JH,MAR_T1_20,T1,20,0,0,1,0,,,,
Mariner's Point,-122.290767,37.571334,JH,MAR_T1_40,T1,40,0,0,1,0,,,,
Mariner's Point,-122.290604,37.571469,JH,MAR_T1_60,T1,60,0,0,0,0,,,,
Mariner's Point,-122.290457,37.571616,JH,MAR_T1_80,T1,80,0,0,0,0,,,,
Mariner's Point,-122.290316,37.571765,JH,MAR_T1_100,T1,100,0,0,0,0,,,,
Mariner's Point,-122.290188,37.571901,JH,MAR_T1_120,T1,120,0,0,0,0,,,,
Mariner's Point,-122.290045,37.572041,JH,MAR_T1_140,T1,140,0,0,0,0,,,,
Mariner's Point,-122.289851,37.572145,JH,MAR_T1_160,T1,160,0,0,0,0,,,,
Mariner's Point,-122.289685,37.572273,JH,MAR_T1_180,T1,180,0,0,0,0,,,,
Mariner's Point,-122.289541,37.572426,JH,MAR_T1_200,T1,200,0,0,0,0,,,,
Mariner's Point,-122.289524,37.572771,JH,MAR_T2_20,T2,20,0,0,1,0,,,,
Mariner's Point,-122.289473,37.572593,JH,MAR_T2_40,T2,40,0,0,0,0,,,,
Mariner's Point,-122.28941,37.572423,JH,MAR_T2_60,T2,60,0,0,1,0,,,,
Mariner's Point,-122.289372,37.572252,JH,MAR_T2_80,T2,80,0,0,0,0,,,,
Mariner's Point,-122.289325,37.572072,JH,MAR_T2_100,T2,100,0,0,0,0,,,,
Mariner's Point,-122.289288,37.571903,JH,MAR_T2_120,T2,120,0,0,0,0,,,,
Mariner's Point,-122.289257,37.571736,JH,MAR_T2_140,T2,140,0,0,0,0,,,,
Mariner's Point,-122.289247,37.57156,JH,MAR_T2_160,T2,160,0,0,0,0,,,,
Mariner's Point,-122.28924,37.571384,JH,MAR_T2_180,T2,180,0,0,0,0,,,,
Mariner's Point,-122.289185,37.5712,JH,MAR_T2_200,T2,200,0,0,0,0,,,,
Marta,-122.501145,37.92594,CA,MTA_T1_20,T1,20,0,1,1,0,,,,
Marta,-122.501364,37.925991,CA,MTA_T1_40,T1,40,0,0,1,0,,,,
Marta,-122.502816,37.924941,CA,MTA_T2_20,T2,20,0,1,1,0,,,,
Marta,-122.502871,37.925116,CA,MTA_T2_40,T2,40,0,1,1,0,,,,
Marta,-122.502926,37.92529,CA,MTA_T2_60,T2,60,0,1,1,0,,,,
Martinez RS,-122.142116,38.022079,CA,MRS_T1_20,T1,20,0,0,0,0,,,,
Martinez RS,-122.14208,38.022257,CA,MRS_T1_40,T1,40,0,0,0,0,,,,
Martinez RS,-122.142045,38.022435,CA,MRS_T1_60,T1,60,0,0,0,0,,,,
Martinez RS,-122.142009,38.022613,CA,MRS_T1_80,T1,80,0,0,0,0,,,,
Martinez RS,-122.141974,38.022791,CA,MRS_T1_100,T1,100,0,0,0,0,,,,
Martinez RS,-122.141938,38.022969,CA,MRS_T1_120,T1,120,0,0,0,0,,,,
Martinez RS,-122.141903,38.023147,CA,MRS_T1_140,T1,140,0,0,0,0,,,,
Martinez RS,-122.141867,38.023325,CA,MRS_T1_160,T1,160,0,0,0,0,,,,
Martinez RS,-122.139832,38.023779,CA,MRS_T2_20,T2,20,1,0,1,0,,,,
Martinez RS,-122.140053,38.023823,CA,MRS_T2_40,T2,40,1,0,0,0,,,,
Martinez RS,-122.140273,38.023868,CA,MRS_T2_60,T2,60,0,0,1,0,,,,
Martinez RS,-122.140494,38.023913,CA,MRS_T2_80,T2,80,0,0,1,0,,,,
Martinez RS,-122.140715,38.023958,CA,MRS_T2_100,T2,100,0,0,0,0,,,,
Martinez RS,-122.140935,38.024002,CA,MRS_T2_120,T2,120,1,0,0,0,,,,
Martinez RS,-122.141156,38.024047,CA,MRS_T2_140,T2,140,1,0,1,0,,,,
Martinez RS,-122.141377,38.024092,CA,MRS_T2_160,T2,160,0,0,1,0,,,,
McLaughlin Shoreline,-122.298186,37.836907,CA,MCL_T1_20,T1,20,0,0,1,0,,,,
McLaughlin Shoreline,-122.298304,37.836959,CA,MCL_T1_40,T1,40,0,0,1,0,,,,
McLaughlin Shoreline,-122.298406,37.837019,CA,MCL_T1_60,T1,60,0,0,1,0,,,,
McLaughlin Shoreline,-122.298588,37.837109,CA,MCL_T1_80,T1,80,0,0,1,0,,,,
McLaughlin Shoreline,-122.29875,37.837176,CA,MCL_T1_100,T1,100,0,0,1,0,,,,
McNabney,-122.105501,38.025437,CA,MCN_T1_20,T1,20,0,0,0,0,,,,
McNabney,-122.105438,38.025264,CA,MCN_T1_40,T1,40,0,0,1,0,,,,
McNabney,-122.105375,38.025091,CA,MCN_T1_60,T1,60,0,0,1,0,,,,
McNabney,-122.105311,38.024917,CA,MCN_T1_80,T1,80,1,0,1,0,,,,
McNabney,-122.105248,38.024744,CA,MCN_T1_100,T1,100,1,0,0,0,,,,
McNabney,-122.105184,38.024571,CA,MCN_T1_120,T1,120,0,0,0,0,,,,
McNabney,-122.105121,38.024398,CA,MCN_T1_140,T1,140,1,0,1,0,,,,
McNabney,-122.105058,38.024225,CA,MCN_T1_160,T1,160,0,0,1,0,,,,
McNabney,-122.104858,38.025023,CA,MCN_T2_20,T2,20,0,0,1,0,,,,
McNabney,-122.1047,38.025058,CA,MCN_T2_40,T2,40,1,0,0,0,,,,
McNabney,-122.104508,38.025081,CA,MCN_T2_60,T2,60,1,0,0,0,,,,
MLK,-122.204875,37.738238,CA,MLK_T1_20,T1,20,0,0,1,0,,,,
MLK,-122.205026,37.738364,CA,MLK_T1_40,T1,40,0,0,1,0,,,,
MLK,-122.205178,37.738491,CA,MLK_T1_60,T1,60,0,0,1,0,,,,
MLK,-122.205461,37.738225,CA,MLK_T1_80,T1,80,0,0,1,0,,,,
MLK,-122.205849,37.738102,CA,MLK_T1_100,T1,100,0,0,0,0,,,,
MLK,-122.206085,37.738277,CA,MLK_T1_120,T1,120,0,0,1,0,,,,
MLK,-122.206381,37.738385,CA,MLK_T1_140,T1,140,0,0,0,0,,,,
MLK,-122.206653,37.738276,CA,MLK_T1_160,T1,160,0,0,0,0,,,,
MLK,-122.206777,37.737983,CA,MLK_T1_180,T1,180,0,0,0,0,,,,
MLK,-122.20712,37.737876,CA,MLK_T1_200,T1,200,0,0,0,0,,,,
MLK,-122.207677,37.737901,CA,MLK_T2_20,T2,20,0,0,0,0,,,,
MLK,-122.207861,37.738089,CA,MLK_T2_40,T2,40,0,0,0,0,,,,
MLK,-122.208013,37.738245,CA,MLK_T2_60,T2,60,0,0,0,0,,,,
MLK,-122.208169,37.738321,CA,MLK_T2_80,T2,80,0,0,0,0,,,,
MLK,-122.208524,37.738341,CA,MLK_T2_100,T2,100,0,0,0,0,,,,
MLK,-122.208582,37.738142,CA,MLK_T2_120,T2,120,0,0,0,0,,,,
MLK,-122.208299,37.737968,CA,MLK_T2_140,T2,140,0,0,0,0,,,,
MLK,N/A,N/A,CA,MLK_T2_160,T2,160,0,0,0,0,,,,
Mountain View Slough,-122.081716,37.449562,CA,MVS_T1_40,T1,40,0,0,0,0,,,,
Mountain View Slough,-122.081613,37.449723,CA,MVS_T1_60,T1,60,1,1,1,0,,,,
Mountain View Slough,-122.08151,37.449883,CA,MVS_T1_80,T1,80,1,0,1,0,,,,
Mountain View Slough,-122.081407,37.450044,CA,MVS_T1_100,T1,100,0,0,1,0,,,,
Mountain View Slough,-122.081305,37.450204,CA,MVS_T1_120,T1,120,1,0,1,0,,,,
Mountain View Slough,-122.081202,37.450365,CA,MVS_T1_140,T1,140,0,0,1,0,,,,
Mountain View Slough,-122.079524,37.448858,CA,MVS_T2_40,T2,40,0,0,0,0,,,,
Mountain View Slough,-122.079499,37.449037,CA,MVS_T2_60,T2,60,0,0,0,0,,,,
Mountain View Slough,-122.079474,37.449216,CA,MVS_T2_80,T2,80,1,0,0,0,,,,
Mountain View Slough,-122.079449,37.449395,CA,MVS_T2_100,T2,100,0,1,1,0,,,,
Mundy,-122.103546,37.45866,CA,MUN_T1_20,T1,20,1,0,0,0,,,,
Mundy,-122.103343,37.458739,CA,MUN_T1_40,T1,40,0,0,0,0,,,,
Mundy,-122.10314,37.458819,CA,MUN_T1_60,T1,60,1,0,0,0,,,,
Mundy,-122.102937,37.458899,CA,MUN_T1_80,T1,80,1,0,0,0,,,,
Mundy,-122.102735,37.458979,CA,MUN_T1_100,T1,100,1,0,0,0,,,,
Mundy,-122.102532,37.459059,CA,MUN_T1_120,T1,120,1,0,0,0,,,,
Mundy,-122.102329,37.459138,CA,MUN_T1_140,T1,140,1,0,0,0,,,,
Mundy,-122.102127,37.459218,CA,MUN_T1_160,T1,160,1,0,0,0,,,,
Mundy,-122.101924,37.459298,CA,MUN_T1_180,T1,180,0,0,0,0,,,,
Mundy,-122.101721,37.459378,CA,MUN_T1_200,T1,200,1,0,0,0,,,,
Mundy,-122.107912,37.459989,CA,MUN_T2_20,T2,20,0,0,0,0,,,,
Mundy,-122.107694,37.460037,CA,MUN_T2_40,T2,40,0,0,0,0,,,,
Mundy,-122.107476,37.460085,CA,MUN_T2_60,T2,60,1,0,0,0,,,,
Mundy,-122.107258,37.460133,CA,MUN_T2_80,T2,80,1,0,1,0,,,,
Mundy,-122.10704,37.46018,CA,MUN_T2_100,T2,100,1,0,1,0,,,,
Mundy,-122.106822,37.460228,CA,MUN_T2_120,T2,120,1,0,0,0,,,,
Mundy,-122.106604,37.460276,CA,MUN_T2_140,T2,140,1,0,0,0,,,,
Munster Property,-122.086379,37.584215,JH,MUP_T1_20,T1,20,0,1,0,0,,,,
Munster Property,-122.086331,37.584407,JH,MUP_T1_40,T1,40,0,0,0,0,,,,
Munster Property,-122.086324,37.584595,JH,MUP_T1_60,T1,60,0,0,0,0,,,,
Munster Property,-122.086287,37.584795,JH,MUP_T1_80,T1,80,0,1,0,0,,,,
Munster Property,-122.086287,37.584986,JH,MUP_T1_100,T1,100,0,0,0,0,,,,
Munster Property,-122.086255,37.585175,JH,MUP_T1_120,T1,120,0,1,0,0,,,,
Munster Property,-122.08622,37.585361,JH,MUP_T1_140,T1,140,0,0,0,0,,,,
Munster Property,-122.08618,37.585541,JH,MUP_T1_160,T1,160,0,1,0,0,,,,
Munster Property,-122.086153,37.585716,JH,MUP_T1_180,T1,180,0,0,0,0,,,,
Munster Property,-122.086117,37.585899,JH,MUP_T1_200,T1,200,0,1,0,0,,,,
Munster Property,-122.087006,37.586283,JH,MUP_T2_20,T2,20,0,0,0,0,,,,
Munster Property,-122.087176,37.586406,JH,MUP_T2_40,T2,40,0,0,0,0,,,,
Munster Property,-122.087361,37.586532,JH,MUP_T2_60,T2,60,0,0,0,0,,,,
Munster Property,-122.087554,37.586661,JH,MUP_T2_80,T2,80,0,0,0,0,,,,
Munster Property,-122.08772,37.586786,JH,MUP_T2_100,T2,100,0,0,0,0,,,,
Munster Property,-122.08788,37.58691,JH,MUP_T2_120,T2,120,0,1,0,0,,,,
Munster Property,-122.088047,37.587029,JH,MUP_T2_140,T2,140,0,0,0,0,,,,
Munster Property,-122.088222,37.587142,JH,MUP_T2_160,T2,160,0,0,0,0,,,,
Munster Property,-122.088402,37.587263,JH,MUP_T2_180,T2,180,0,0,0,0,,,,
Munster Property,-122.088579,37.587379,JH,MUP_T2_200,T2,200,0,0,0,0,,,,
Muzzi North,-122.507891,37.932377,CA,MZN_T1_20,T1,20,0,1,1,0,,,,
Muzzi North,-122.507664,37.932361,CA,MZN_T1_40,T1,40,0,1,1,0,,,,
Muzzi North,-122.507437,37.932345,CA,MZN_T1_60,T1,60,0,1,1,0,,,,
Muzzi North,-122.507211,37.932329,CA,MZN_T1_80,T1,80,0,1,1,0,,,,
Muzzi North,-122.506984,37.932313,CA,MZN_T1_100,T1,100,0,1,1,0,,,,
Muzzi North,-122.506757,37.932297,CA,MZN_T1_120,T1,120,0,1,1,0,,,,
Muzzi North,-122.506531,37.932281,CA,MZN_T1_140,T1,140,0,1,0,0,,,,
Muzzi North,-122.50732,37.936647,CA,MZN_T2_20,T2,20,0,1,0,0,,,,
Muzzi North,-122.507372,37.936423,CA,MZN_T2_40,T2,40,0,1,1,0,,,,
Muzzi North,-122.507335,37.936217,CA,MZN_T2_60,T2,60,0,1,0,0,,,,
Muzzi North,-122.507242,37.935977,CA,MZN_T2_80,T2,80,0,1,1,0,,,,
Muzzi South,-122.510402,37.926932,CA,MZS_T1_20,T1,20,0,0,1,0,,,,
Muzzi South,-122.510182,37.926887,CA,MZS_T1_40,T1,40,0,0,0,0,,,,
Muzzi South,-122.509962,37.926841,CA,MZS_T1_60,T1,60,0,0,0,0,,,,
Muzzi South,-122.509742,37.926795,CA,MZS_T1_80,T1,80,0,0,1,0,,,,
Muzzi South,-122.509522,37.926749,CA,MZS_T1_100,T1,100,0,0,1,0,,,,
Muzzi South,-122.509302,37.926703,CA,MZS_T1_120,T1,120,0,0,1,0,,,,
Muzzi South,-122.509082,37.926657,CA,MZS_T1_140,T1,140,0,0,1,1,,,,
Muzzi South,-122.508862,37.926611,CA,MZS_T1_160,T1,160,0,0,0,0,,,,
Muzzi South,-122.508642,37.926565,CA,MZS_T1_180,T1,180,0,0,0,1,,,,
Muzzi South,-122.510566,37.926509,CA,MZS_T2_20,T2,20,0,0,1,0,,,,
Muzzi South,-122.510398,37.926387,CA,MZS_T2_40,T2,40,0,0,1,0,,,,
Muzzi South,-122.51023,37.926265,CA,MZS_T2_60,T2,60,0,0,0,0,,,,
Muzzi South,-122.510062,37.926144,CA,MZS_T2_80,T2,80,0,0,1,0,,,,
Muzzi South,-122.509895,37.926022,CA,MZS_T2_100,T2,100,0,0,0,0,,,,
Muzzi South,-122.509727,37.9259,CA,MZS_T2_120,T2,120,0,0,1,0,,,,
Muzzi South,-122.509559,37.925779,CA,MZS_T2_140,T2,140,0,0,0,0,,,,
Muzzi South,-122.509391,37.925657,CA,MZS_T2_160,T2,160,0,0,0,0,,,,
Muzzi South,-122.509224,37.925535,CA,MZS_T2_180,T2,180,0,0,0,0,,,,
Muzzi South,-122.509056,37.925413,CA,MZS_T2_200,T2,200,0,0,0,1,,,,
New Chicago,-121.96058,37.438782,CA,NCH_T1_20,T1,20,0,0,0,0,,,,
New Chicago,-121.960731,37.438648,CA,NCH_T1_40,T1,40,0,0,0,0,,,,
New Chicago,-121.960882,37.438514,CA,NCH_T1_60,T1,60,0,0,0,0,,,,
New Chicago,-121.961016,37.438395,CA,NCH_T1_80,T1,80,0,0,0,0,,,,
New Chicago,-121.961996,37.438864,CA,NCH_T1_100,T1,100,0,0,0,0,,,,
New Chicago,-121.962237,37.438806,CA,NCH_T1_120,T1,120,0,0,0,0,,,,
New Chicago,-121.960812,37.439309,CA,NCH_T2_20,T2,20,0,0,0,0,,,,
New Chicago,-121.960962,37.439444,CA,NCH_T2_40,T2,40,0,0,0,0,,,,
New Chicago,-121.961112,37.43958,CA,NCH_T2_60,T2,60,0,0,0,0,,,,
New Chicago,-121.961261,37.439715,CA,NCH_T2_80,T2,80,0,0,0,0,,,,
New Chicago,-121.961411,37.43985,CA,NCH_T2_100,T2,100,1,0,0,0,,,,
Newark Mouse Pasture,-121.935547,37.465071,CA,NMP_T1_20,T1,20,0,0,0,0,,,,
Newark Mouse Pasture,-121.93556,37.464891,CA,NMP_T1_40,T1,40,0,0,0,0,,,,
Newark Mouse Pasture,-121.935572,37.464711,CA,NMP_T1_60,T1,60,0,0,0,0,,,,
Newark Mouse Pasture,-121.933673,37.464192,CA,NMP_T2_20,T2,20,0,0,0,0,,,,
Newark Mouse Pasture,-121.933583,37.464027,CA,NMP_T2_40,T2,40,0,0,0,0,,,,
Newark Mouse Pasture,-121.933492,37.463862,CA,NMP_T2_60,T2,60,0,0,0,0,,,,
Newark Mouse Pasture,-121.933311,37.463531,CA,NMP_T2_80,T2,80,0,0,0,0,,,,
Novato Creek,-122.55536,38.096531,JH,NOV_T1_20,T1,20,0,0,0,0,,,,
Novato Creek,-122.555121,38.096566,JH,NOV_T1_40,T1,40,0,0,0,0,,,,
Novato Creek,-122.554892,38.096625,JH,NOV_T1_60,T1,60,0,1,0,0,,,,
Novato Creek,-122.55465,38.096679,JH,NOV_T1_80,T1,80,1,0,0,0,,,,
Novato Creek,-122.554391,38.096729,JH,NOV_T1_100,T1,100,1,0,0,0,,,,
Novato Creek,-122.554162,38.096769,JH,NOV_T1_120,T1,120,0,0,1,0,,,,
Novato Creek,-122.553923,38.09681,JH,NOV_T1_140,T1,140,0,0,0,0,,,,
Novato Creek,-122.553706,38.096857,JH,NOV_T1_160,T1,160,0,0,0,0,,,,
Novato Creek,-122.553451,38.096899,JH,NOV_T1_180,T1,180,0,0,0,0,,,,
Novato Creek,-122.553222,38.096957,JH,NOV_T1_200,T1,200,0,0,0,0,,,,
Novato Creek,-122.551206,38.09721,JH,NOV_T2_20,T2,20,0,1,1,0,,,,
Novato Creek,-122.551425,38.097108,JH,NOV_T2_40,T2,40,1,1,1,0,,,,
Novato Creek,-122.551633,38.096996,JH,NOV_T2_60,T2,60,1,1,1,0,,,,
Novato Creek,-122.55182,38.096896,JH,NOV_T2_80,T2,80,1,0,1,0,,,,
Novato Creek,-122.552001,38.096796,JH,NOV_T2_100,T2,100,1,0,1,0,,,,
Novato Creek,-122.552201,38.096706,JH,NOV_T2_120,T2,120,0,1,1,0,,,,
Novato Creek,-122.552391,38.096604,JH,NOV_T2_140,T2,140,1,0,1,0,,,,
Novato Creek,-122.552604,38.096548,JH,NOV_T2_160,T2,160,0,0,1,0,,,,
Novato Creek,-122.55284,38.096523,JH,NOV_T2_180,T2,180,0,0,1,0,,,,
Novato Creek,-122.553073,38.096503,JH,NOV_T2_200,T2,200,0,0,1,0,,,,
Oakland Airport,-122.205743,37.714827,JH,OAK_T1_20,T1,20,0,0,0,0,,,,
Oakland Airport,-122.205552,37.714952,JH,OAK_T1_40,T1,40,0,0,1,0,,,,
Oakland Airport,-122.205374,37.71507,JH,OAK_T1_60,T1,60,0,0,1,0,,,,
Oakland Airport,-122.205198,37.715193,JH,OAK_T1_80,T1,80,0,0,1,0,,,,
Oakland Airport,-122.205022,37.715314,JH,OAK_T1_100,T1,100,0,0,1,0,,,,
Oakland Airport,-122.204867,37.715447,JH,OAK_T1_120,T1,120,0,0,0,0,,,,
Oakland Airport,-122.204697,37.715566,JH,OAK_T1_140,T1,140,0,0,1,0,,,,
Oakland Airport,-122.204531,37.715696,JH,OAK_T1_160,T1,160,0,0,1,0,,,,
Oakland Airport,-122.204361,37.71582,JH,OAK_T1_180,T1,180,0,0,0,0,,,,
Oakland Airport,-122.204191,37.715947,JH,OAK_T1_200,T1,200,0,0,0,0,,,,
Oakland Airport,-122.204321,37.716701,JH,OAK_T2_20,T2,20,0,0,0,0,,,,
Oakland Airport,-122.204096,37.716646,JH,OAK_T2_40,T2,40,0,0,0,0,,,,
Oakland Airport,-122.203864,37.716576,JH,OAK_T2_60,T2,60,0,0,0,0,,,,
Oakland Airport,-122.203625,37.716521,JH,OAK_T2_80,T2,80,0,0,0,0,,,,
Oakland Airport,-122.203394,37.716484,JH,OAK_T2_100,T2,100,0,0,0,0,,,,
Oakland Airport,-122.203169,37.716411,JH,OAK_T2_120,T2,120,0,0,0,0,,,,
Oakland Airport,-122.202953,37.716343,JH,OAK_T2_140,T2,140,0,0,0,0,,,,
Oakland Airport,-122.202735,37.716286,JH,OAK_T2_160,T2,160,0,0,0,0,,,,
Oakland Airport,-122.20251,37.716237,JH,OAK_T2_180,T2,180,0,0,0,0,,,,
Oakland Airport,-122.202221,37.716163,JH,OAK_T2_200,T2,200,0,0,0,0,,,,
Piper Park,-122.530148,37.941383,CA,LPP_T1_20,T1,20,0,0,0,0,,,,
Piper Park,-122.530371,37.941346,CA,LPP_T1_40,T1,40,0,1,0,0,,,,
Piper Park,-122.530594,37.941309,CA,LPP_T1_60,T1,60,0,0,0,1,,,,
Piper Park,-122.530816,37.941272,CA,LPP_T1_80,T1,80,0,0,0,0,,,,
Piper Park,-122.531039,37.941235,CA,LPP_T1_100,T1,100,0,0,0,0,,,,
Piper Park,-122.531262,37.941198,CA,LPP_T1_120,T1,120,0,0,0,0,,,,
Piper Park,-122.531484,37.94116,CA,LPP_T1_140,T1,140,0,0,0,0,,,,
Piper Park,-122.531707,37.941123,CA,LPP_T1_160,T1,160,0,0,0,0,,,,
Piper Park,-122.53193,37.941086,CA,LPP_T1_180,T1,180,0,0,0,0,,,,
Piper Park,-122.527842,37.943287,CA,LPP_T2_20,T2,20,0,0,0,0,,,,
Piper Park,-122.528208,37.943555,CA,LPP_T2_40,T2,40,0,0,0,0,,,,
Piper Park,-122.528457,37.943619,CA,LPP_T2_60,T2,60,0,1,0,1,,,,
Piper Park,-122.528621,37.943597,CA,LPP_T2_80,T2,80,0,0,0,1,,,,
Plummer Slough Bridge,-122.055234,37.514043,JH,PLU_T1_20,T1,20,0,0,0,0,,,,
Plummer Slough Bridge,-122.055204,37.513869,JH,PLU_T1_40,T1,40,0,0,0,0,,,,
Plummer Slough Bridge,-122.055155,37.513684,JH,PLU_T1_60,T1,60,0,0,0,0,,,,
Plummer Slough Bridge,-122.055121,37.513502,JH,PLU_T1_80,T1,80,0,0,0,0,,,,
Plummer Slough Bridge,-122.055081,37.513345,JH,PLU_T1_100,T1,100,0,0,0,0,,,,
Plummer Slough Bridge,-122.055026,37.513155,JH,PLU_T1_120,T1,120,0,0,0,0,,,,
Plummer Slough Bridge,-122.054966,37.512968,JH,PLU_T1_140,T1,140,0,0,0,0,,,,
Plummer Slough Bridge,-122.054914,37.512802,JH,PLU_T1_160,T1,160,0,0,0,0,,,,
Plummer Slough Bridge,-122.054857,37.512622,JH,PLU_T1_180,T1,180,0,0,0,0,,,,
Plummer Slough Bridge,-122.054807,37.512438,JH,PLU_T1_200,T1,200,0,0,0,0,,,,
Plummer Slough Bridge,-122.054633,37.514003,JH,PLU_T2_20,T2,20,0,0,0,0,,,,
Plummer Slough Bridge,-122.054407,37.514039,JH,PLU_T2_40,T2,40,0,0,0,0,,,,
Plummer Slough Bridge,-122.054177,37.514071,JH,PLU_T2_60,T2,60,0,0,0,0,,,,
Plummer Slough Bridge,-122.053956,37.514104,JH,PLU_T2_80,T2,80,0,0,0,0,,,,
Plummer Slough Bridge,-122.053716,37.514138,JH,PLU_T2_100,T2,100,0,0,0,0,,,,
Plummer Slough Bridge,-122.053487,37.514174,JH,PLU_T2_120,T2,120,0,0,0,0,,,,
Plummer Slough Bridge,-122.053266,37.514212,JH,PLU_T2_140,T2,140,0,0,0,0,,,,
Plummer Slough Bridge,-122.053035,37.514236,JH,PLU_T2_160,T2,160,0,0,0,0,,,,
Plummer Slough Bridge,-122.052803,37.514269,JH,PLU_T2_180,T2,180,0,0,0,0,,,,
Plummer Slough Bridge,-122.052571,37.5143,JH,PLU_T2_200,T2,200,0,0,0,0,,,,
Whittell,-122.355717,38.006823,CA,WHT_T1_20,T1,20,0,0,0,0,,,,
Whittell,-122.355509,38.006897,CA,WHT_T1_40,T1,40,0,0,0,0,,,,
Whittell,-122.355301,38.00697,CA,WHT_T1_60,T1,60,0,0,0,0,,,,
Whittell,-122.355094,38.007044,CA,WHT_T1_80,T1,80,0,0,0,0,,,,
Whittell,-122.354886,38.007118,CA,WHT_T1_100,T1,100,0,0,0,0,,,,
Whittell,-122.354678,38.007192,CA,WHT_T1_120,T1,120,0,0,0,0,,,,
Whittell,-122.35447,38.007265,CA,WHT_T1_140,T1,140,0,0,0,0,,,,
Whittell,-122.354262,38.007339,CA,WHT_T1_160,T1,160,0,0,0,0,,,,
Whittell,-122.354054,38.007413,CA,WHT_T1_180,T1,180,0,0,0,0,,,,
Whittell,-122.358413,38.005463,CA,WHT_T2_20,T2,20,0,0,0,0,,,,
Whittell,-122.358445,38.005642,CA,WHT_T2_40,T2,40,0,1,1,0,,,,
Whittell,-122.358478,38.00582,CA,WHT_T2_60,T2,60,0,0,0,0,,,,
Whittell,-122.35851,38.005999,CA,WHT_T2_80,T2,80,0,1,1,0,,,,
Whittell,-122.358542,38.006177,CA,WHT_T2_100,T2,100,0,0,1,1,,,,
Whittell,-122.358574,38.006355,CA,WHT_T2_120,T2,120,0,1,0,0,,,,
Whittell,-122.358606,38.006534,CA,WHT_T2_140,T2,140,0,0,0,0,,,,
Whittell,-122.358639,38.006712,CA,WHT_T2_160,T2,160,0,0,0,0,,,,
Whittell,-122.358671,38.006891,CA,WHT_T2_180,T2,180,0,1,0,0,,,,
Point Pinole,-122.355871,38.005273,JH,PTP_T1_20,T1,20,0,0,0,0,,,,
Point Pinole,-122.355841,38.005451,JH,PTP_T1_40,T1,40,0,1,0,0,,,,
Point Pinole,-122.355812,38.005639,JH,PTP_T1_60,T1,60,1,1,0,0,,,,
Point Pinole,-122.35577,38.005831,JH,PTP_T1_80,T1,80,0,1,0,0,,,,
Point Pinole,-122.355668,38.006006,JH,PTP_T1_100,T1,100,0,0,0,0,,,,
Point Pinole,-122.355625,38.006193,JH,PTP_T1_120,T1,120,0,1,0,0,,,,
Point Pinole,-122.355601,38.00639,JH,PTP_T1_140,T1,140,0,1,0,0,,,,
Point Pinole,-122.355543,38.006575,JH,PTP_T1_160,T1,160,0,1,0,0,,,,
Point Pinole,-122.355562,38.006788,JH,PTP_T1_180,T1,180,0,0,0,0,,,,
Point Pinole,-122.35538,38.006941,JH,PTP_T1_200,T1,200,0,0,0,0,,,,
Point Pinole,-122.355521,38.007493,JH,PTP_T2_20,T2,20,0,0,0,0,,,,
Point Pinole,-122.355273,38.007462,JH,PTP_T2_40,T2,40,0,0,0,0,,,,
Point Pinole,-122.355012,38.007407,JH,PTP_T2_60,T2,60,0,0,0,0,,,,
Point Pinole,-122.354775,38.007399,JH,PTP_T2_80,T2,80,0,0,0,0,,,,
Point Pinole,-122.354528,38.007398,JH,PTP_T2_100,T2,100,0,0,0,0,,,,
Point Pinole,-122.354297,38.007377,JH,PTP_T2_120,T2,120,0,0,0,0,,,,
Point Pinole,-122.354063,38.007329,JH,PTP_T2_140,T2,140,0,0,0,0,,,,
Point Pinole,-122.353823,38.007307,JH,PTP_T2_160,T2,160,0,0,0,0,,,,
Point Pinole,-122.353592,38.007296,JH,PTP_T2_180,T2,180,0,0,0,0,,,,
Professional Circle,-122.491361,37.960785,JH,PRO_T1_20,T1,20,0,0,1,0,,,,
Professional Circle,-122.491387,37.960927,JH,PRO_T1_40,T1,40,0,1,1,0,,,,
Professional Circle,-122.491412,37.961069,JH,PRO_T1_60,T1,60,0,0,1,0,,,,
Professional Circle,-122.491438,37.96121,JH,PRO_T1_80,T1,80,0,0,1,0,,,,
Professional Circle,-122.491464,37.961352,JH,PRO_T1_100,T1,100,1,1,1,0,,,,
Professional Circle,-122.491489,37.961494,JH,PRO_T1_120,T1,120,0,0,1,0,,,,
Professional Circle,-122.491515,37.961636,JH,PRO_T1_140,T1,140,0,1,1,0,,,,
Professional Circle,-122.491541,37.961777,JH,PRO_T1_160,T1,160,0,0,1,0,,,,
Professional Circle,-122.491566,37.961919,JH,PRO_T1_180,T1,180,0,0,1,0,,,,
Professional Circle,-122.491592,37.962061,JH,PRO_T1_200,T1,200,0,0,1,0,,,,
Professional Circle,-122.493115,37.954704,JH,PRO_T2_20,T2,20,0,0,1,0,,,,
Professional Circle,-122.493158,37.954843,JH,PRO_T2_40,T2,40,0,1,1,0,,,,
Professional Circle,-122.493202,37.954982,JH,PRO_T2_60,T2,60,0,0,1,0,,,,
Professional Circle,-122.493245,37.955121,JH,PRO_T2_80,T2,80,0,1,1,0,,,,
Professional Circle,-122.493289,37.95526,JH,PRO_T2_100,T2,100,0,0,1,0,,,,
Professional Circle,-122.493331,37.955399,JH,PRO_T2_120,T2,120,0,0,1,0,,,,
Professional Circle,-122.493375,37.955538,JH,PRO_T2_140,T2,140,0,0,0,0,,,,
Professional Circle,-122.493419,37.955678,JH,PRO_T2_160,T2,160,0,0,0,0,,,,
Professional Circle,-122.493462,37.955817,JH,PRO_T2_180,T2,180,0,0,1,0,,,,
Professional Circle,-122.493505,37.955956,JH,PRO_T2_200,T2,200,0,0,0,0,,,,
Radio Point,-122.23049,37.548571,CA,RAD_T1_20,T1,20,1,0,0,0,,,,
Radio Point,-122.2305,37.548751,CA,RAD_T1_40,T1,40,1,0,0,0,,,,
Radio Point,-122.23051,37.548931,CA,RAD_T1_60,T1,60,1,0,0,0,,,,
Radio Point,-122.226229,37.546318,CA,RAD_T2_20,T2,20,1,0,0,0,,,,
Radio Point,-122.226162,37.54649,CA,RAD_T2_40,T2,40,1,0,0,0,,,,
Radio Point,-122.226095,37.546662,CA,RAD_T2_60,T2,60,1,0,0,0,,,,
Radio Point,-122.226027,37.546834,CA,RAD_T2_80,T2,80,1,0,0,0,,,,
Radio Point,-122.22596,37.547006,CA,RAD_T2_100,T2,100,1,0,0,0,,,,
Ravenswood CA,-122.148213,37.492178,CA,RAV_T1_20,T1,20,1,0,0,0,,,,
Ravenswood CA,-122.148177,37.492,CA,RAV_T1_40,T1,40,0,0,0,0,,,,
Ravenswood CA,-122.148141,37.491822,CA,RAV_T1_60,T1,60,1,0,1,0,,,,
Ravenswood CA,-122.148105,37.491644,CA,RAV_T1_80,T1,80,1,0,1,0,,,,
Ravenswood CA,-122.148069,37.491466,CA,RAV_T1_100,T1,100,1,0,1,0,,,,
Ravenswood CA,-122.151379,37.492253,CA,RAV_T2_20,T2,20,0,0,0,0,,,,
Ravenswood CA,-122.151539,37.492126,CA,RAV_T2_40,T2,40,0,0,0,0,,,,
Ravenswood CA,-122.151699,37.491998,CA,RAV_T2_60,T2,60,0,0,0,0,,,,
Ravenswood CA,-122.151859,37.491871,CA,RAV_T2_80,T2,80,1,0,0,0,,,,
Ravenswood CA,-122.152019,37.491743,CA,RAV_T2_100,T2,100,1,0,0,0,,,,
Ravenswood CA,-122.152179,37.491616,CA,RAV_T2_120,T2,120,1,0,0,0,,,,
Ravenswood JH,-122.146058,37.492049,JH,RAV_T1_20,T1,20,0,0,0,0,,,,
Ravenswood JH,-122.146315,37.492042,JH,RAV_T1_40,T1,40,0,0,0,0,,,,
Ravenswood JH,-122.146576,37.492005,JH,RAV_T1_60,T1,60,0,0,0,0,,,,
Ravenswood JH,-122.146797,37.491961,JH,RAV_T1_80,T1,80,0,0,0,0,,,,
Ravenswood JH,-122.147064,37.491897,JH,RAV_T1_100,T1,100,0,0,0,0,,,,
Ravenswood JH,-122.147286,37.491821,JH,RAV_T1_120,T1,120,0,0,0,0,,,,
Ravenswood JH,-122.147507,37.491757,JH,RAV_T1_140,T1,140,0,0,0,0,,,,
Ravenswood JH,-122.147712,37.491688,JH,RAV_T1_160,T1,160,0,0,0,0,,,,
Ravenswood JH,-122.147964,37.491617,JH,RAV_T1_180,T1,180,0,0,0,0,,,,
Ravenswood JH,-122.148177,37.491576,JH,RAV_T1_200,T1,200,0,0,0,0,,,,
Renzel Wetlands,-122.11131,37.450273,CA,REN_T1_20,T1,20,0,0,0,0,,,,
Renzel Wetlands,-122.111485,37.450159,CA,REN_T1_40,T1,40,0,1,0,0,,,,
Renzel Wetlands,-122.11166,37.450045,CA,REN_T1_60,T1,60,0,0,0,0,,,,
Renzel Wetlands,-122.111836,37.449931,CA,REN_T1_80,T1,80,0,0,0,0,,,,
Renzel Wetlands,-122.112011,37.449818,CA,REN_T1_100,T1,100,0,1,0,0,,,,
Renzel Wetlands,-122.112186,37.449704,CA,REN_T1_120,T1,120,0,0,0,0,,,,
Renzel Wetlands,-122.112361,37.44959,CA,REN_T1_140,T1,140,0,0,0,0,,,,
Renzel Wetlands,-122.112537,37.449476,CA,REN_T1_160,T1,160,0,0,0,0,,,,
Renzel Wetlands,-122.112712,37.449362,CA,REN_T1_180,T1,180,0,0,0,0,,,,
Renzel Wetlands,-122.112887,37.449248,CA,REN_T1_200,T1,200,0,0,0,1,,,,
Renzel Wetlands,-122.115018,37.44895,CA,REN_T2_20,T2,20,0,0,0,0,,,,
Renzel Wetlands,-122.11493,37.448784,CA,REN_T2_40,T2,40,0,1,1,0,,,,
Renzel Wetlands,-122.114842,37.448618,CA,REN_T2_60,T2,60,0,0,0,0,,,,
Renzel Wetlands,-122.114755,37.448452,CA,REN_T2_80,T2,80,0,1,1,0,,,,
Renzel Wetlands,-122.114667,37.448286,CA,REN_T2_100,T2,100,0,0,0,0,,,,
Renzel Wetlands,-122.114579,37.448119,CA,REN_T2_120,T2,120,0,0,0,0,,,,
Renzel Wetlands,-122.114492,37.447953,CA,REN_T2_140,T2,140,0,0,0,0,,,,
Renzel Wetlands,-122.114404,37.447787,CA,REN_T2_160,T2,160,0,0,0,0,,,,
Renzel Wetlands,-122.114316,37.447621,CA,REN_T2_180,T2,180,0,1,0,0,,,,
Renzel Wetlands,-122.114229,37.447455,CA,REN_T2_200,T2,200,0,0,0,0,,,,
Ringstrom,-122.40793,38.222646,CA,RNG_T1_20,T1,20,1,0,0,0,,,,
Ringstrom,-122.408146,38.222586,CA,RNG_T1_40,T1,40,0,0,0,0,,,,
Ringstrom,-122.408361,38.222527,CA,RNG_T1_60,T1,60,1,0,1,0,,,,
Ringstrom,-122.408577,38.222467,CA,RNG_T1_80,T1,80,1,0,1,0,,,,
Ringstrom,-122.408792,38.222407,CA,RNG_T1_100,T1,100,1,0,0,0,,,,
Ringstrom,-122.409008,38.222348,CA,RNG_T1_120,T1,120,1,0,0,0,,,,
Ringstrom,-122.414327,38.224951,CA,RNG_T2_20,T2,20,0,0,0,0,,,,
Ringstrom,-122.414427,38.224789,CA,RNG_T2_40,T2,40,0,0,0,0,,,,
Ringstrom,-122.414527,38.224627,CA,RNG_T2_60,T2,60,0,0,0,0,,,,
Ringstrom,-122.414626,38.224465,CA,RNG_T2_80,T2,80,0,0,0,0,,,,
Ringstrom,-122.414726,38.224303,CA,RNG_T2_100,T2,100,1,0,0,0,,,,
Ringstrom,-122.414826,38.224141,CA,RNG_T2_120,T2,120,0,0,0,0,,,,
Ringstrom,-122.414926,38.223979,CA,RNG_T2_140,T2,140,0,0,0,0,,,,
Ringstrom,-122.415026,38.223817,CA,RNG_T2_160,T2,160,0,0,0,0,,,,
Rush Creek,-122.561571,38.121172,JH,RCR_T1_20,T1,20,0,0,1,0,,,,
Rush Creek,-122.56134,38.121254,JH,RCR_T1_40,T1,40,0,0,0,0,,,,
Rush Creek,-122.561138,38.121361,JH,RCR_T1_60,T1,60,0,0,0,0,,,,
Rush Creek,-122.560875,38.12145,JH,RCR_T1_80,T1,80,0,0,0,0,,,,
Rush Creek,-122.560711,38.121602,JH,RCR_T1_100,T1,100,0,1,0,0,,,,
Rush Creek,-122.560496,38.121677,JH,RCR_T1_120,T1,120,0,0,0,0,,,,
Rush Creek,-122.560352,38.121828,JH,RCR_T1_140,T1,140,0,0,0,0,,,,
Rush Creek,-122.560159,38.121946,JH,RCR_T1_160,T1,160,0,0,0,0,,,,
Rush Creek,-122.559982,38.122068,JH,RCR_T1_180,T1,180,0,1,0,0,,,,
Rush Creek,-122.559764,38.122174,JH,RCR_T1_200,T1,200,0,0,0,1,,,,
San Bruno Canal,-122.393705,37.642956,JH,SBC_T1_20,T1,20,0,0,0,0,,,,
San Bruno Canal,-122.39356,37.643093,JH,SBC_T1_40,T1,40,0,0,0,0,,,,
San Bruno Canal,-122.393426,37.643256,JH,SBC_T1_60,T1,60,0,0,0,0,,,,
San Bruno Canal,-122.393285,37.643404,JH,SBC_T1_80,T1,80,0,0,0,0,,,,
San Bruno Canal,-122.393184,37.643569,JH,SBC_T1_100,T1,100,0,0,0,0,,,,
San Bruno Canal,-122.39309,37.643741,JH,SBC_T1_120,T1,120,0,0,0,0,,,,
San Bruno Canal,-122.393015,37.643872,JH,SBC_T1_140,T1,140,0,0,0,0,,,,
San Bruno Canal,-122.39332,37.643795,JH,SBC_T1_160,T1,160,0,0,1,0,,,,
San Bruno Canal,-122.393506,37.643908,JH,SBC_T1_180,T1,180,0,0,1,0,,,,
San Bruno Canal,-122.39329,37.643931,JH,SBC_T1_200,T1,200,0,0,0,0,,,,
San Bruno Canal,-122.393672,37.643867,JH,SBC_T2_20,T2,20,0,0,1,0,,,,
San Bruno Canal,-122.393892,37.643803,JH,SBC_T2_40,T2,40,0,0,0,0,,,,
San Bruno Canal,-122.394113,37.643706,JH,SBC_T2_60,T2,60,0,0,1,0,,,,
San Bruno Canal,-122.39429,37.643598,JH,SBC_T2_80,T2,80,0,0,0,0,,,,
San Bruno Canal,-122.394487,37.643465,JH,SBC_T2_100,T2,100,0,0,0,0,,,,
San Bruno Canal,-122.394665,37.643368,JH,SBC_T2_120,T2,120,0,0,1,0,,,,
San Mateo Bridge,-122.148805,37.615526,JH,SMB_T1_20,T1,20,0,0,0,0,,,,
San Mateo Bridge,-122.148843,37.615714,JH,SMB_T1_40,T1,40,0,0,0,0,,,,
San Mateo Bridge,-122.148916,37.6159,JH,SMB_T1_60,T1,60,0,0,0,0,,,,
San Mateo Bridge,-122.148988,37.616085,JH,SMB_T1_80,T1,80,0,0,0,0,,,,
San Mateo Bridge,-122.149077,37.616258,JH,SMB_T1_100,T1,100,0,0,0,0,,,,
San Mateo Bridge,-122.149141,37.616442,JH,SMB_T1_120,T1,120,0,0,0,0,,,,
San Mateo Bridge,-122.149224,37.616623,JH,SMB_T1_140,T1,140,0,0,0,0,,,,
San Mateo Bridge,-122.149272,37.616791,JH,SMB_T1_160,T1,160,0,0,0,0,,,,
San Mateo Bridge,-122.149339,37.616985,JH,SMB_T1_180,T1,180,0,0,0,0,,,,
San Mateo Bridge,-122.149403,37.617166,JH,SMB_T1_200,T1,200,0,0,0,0,,,,
San Mateo Bridge,-122.149363,37.618012,JH,SMB_T2_20,T2,20,0,0,0,0,,,,
San Mateo Bridge,-122.149579,37.617951,JH,SMB_T2_40,T2,40,0,0,0,0,,,,
San Mateo Bridge,-122.149805,37.617894,JH,SMB_T2_60,T2,60,0,0,1,1,,,,
San Mateo Bridge,-122.150014,37.61786,JH,SMB_T2_80,T2,80,0,0,0,0,,,,
San Mateo Bridge,-122.150464,37.617782,JH,SMB_T2_100,T2,100,0,0,0,0,,,,
San Mateo Bridge,-122.150731,37.617729,JH,SMB_T2_120,T2,120,1,0,0,0,,,,
San Mateo Bridge,-122.15096,37.617653,JH,SMB_T2_140,T2,140,0,0,0,0,,,,
San Mateo Bridge,-122.15117,37.617573,JH,SMB_T2_160,T2,160,0,0,0,0,,,,
San Mateo Bridge,-122.151387,37.617501,JH,SMB_T2_180,T2,180,0,1,1,0,,,,
San Mateo Bridge,-122.151599,37.617447,JH,SMB_T2_200,T2,200,0,0,0,0,,,,
San Pablo Creek,-122.371243,37.972847,CA,SPC_T1_20,T1,20,1,0,0,1,,,,
San Pablo Creek,-122.371334,37.973013,CA,SPC_T1_40,T1,40,1,0,0,0,,,,
San Pablo Creek,-122.371425,37.973178,CA,SPC_T1_60,T1,60,1,0,0,1,,,,
San Pablo Creek,-122.371516,37.973343,CA,SPC_T1_80,T1,80,1,0,0,1,,,,
San Pablo Creek,-122.371608,37.973508,CA,SPC_T1_100,T1,100,1,0,0,0,,,,
San Pablo Creek,-122.371699,37.973673,CA,SPC_T1_120,T1,120,1,0,0,0,,,,
San Pablo Creek,N/A,N/A,CA,SPC_T1_140,T1,140,1,0,0,0,,,,
San Pablo Creek,-122.371721,37.972587,CA,SPC_T2_20,T2,20,0,0,0,1,,,,
San Pablo Creek,-122.371948,37.97258,CA,SPC_T2_40,T2,40,0,0,0,0,,,,
San Pablo Creek,-122.372176,37.972573,CA,SPC_T2_60,T2,60,0,0,0,0,,,,
San Pablo Creek,-122.372398,37.972661,CA,SPC_T2_80,T2,80,0,0,0,0,,,,
San Pablo Creek,-122.372603,37.972728,CA,SPC_T2_100,T2,100,1,0,0,0,,,,
San Pablo Creek,-122.372814,37.972817,CA,SPC_T2_120,T2,120,1,0,0,0,,,,
San Pablo Creek,-122.372989,37.97298,CA,SPC_T2_140,T2,140,1,0,0,0,,,,
Snag Island,-121.977003,38.074596,JH,SGI_T1_20,T1,20,0,0,0,0,,,,
Snag Island,-121.977129,38.074441,JH,SGI_T1_40,T1,40,1,0,0,0,,,,
Snag Island,-121.977244,38.074276,JH,SGI_T1_60,T1,60,0,0,1,0,,,,
Snag Island,-121.97729,38.074109,JH,SGI_T1_80,T1,80,0,0,1,0,,,,
Snag Island,-121.977379,38.073948,JH,SGI_T1_100,T1,100,0,0,0,0,,,,
Snag Island,-121.977432,38.073769,JH,SGI_T1_120,T1,120,0,0,0,0,,,,
Snag Island,-121.977394,38.073599,JH,SGI_T1_140,T1,140,0,0,0,0,,,,
Snag Island,-121.977353,38.073428,JH,SGI_T1_160,T1,160,0,0,1,0,,,,
Snag Island,-121.977324,38.073252,JH,SGI_T1_180,T1,180,0,0,0,0,,,,
Snag Island,-121.977216,38.073099,JH,SGI_T1_200,T1,200,1,0,0,0,,,,
Snag Island,-121.977976,38.072961,JH,SGI_T2_20,T2,20,0,0,0,0,,,,
Snag Island,-121.977736,38.072966,JH,SGI_T2_40,T2,40,1,0,0,0,,,,
Snag Island,-121.977514,38.072929,JH,SGI_T2_60,T2,60,0,0,0,0,,,,
Snag Island,-121.977308,38.072857,JH,SGI_T2_80,T2,80,0,0,0,0,,,,
Snag Island,-121.977082,38.072771,JH,SGI_T2_100,T2,100,1,0,0,0,,,,
Snag Island,-121.976874,38.072713,JH,SGI_T2_120,T2,120,0,0,0,0,,,,
Snag Island,-121.976718,38.072582,JH,SGI_T2_140,T2,140,0,0,0,0,,,,
Snag Island,-121.976538,38.072434,JH,SGI_T2_160,T2,160,0,0,0,0,,,,
Snag Island,-121.976372,38.072312,JH,SGI_T2_180,T2,180,0,0,0,0,,,,
Snag Island,-121.976186,38.072195,JH,SGI_T2_200,T2,200,0,0,0,0,,,,
Steinberger Slough,-122.232859,37.537497,CA,STN_T1_20,T1,20,1,0,0,0,,,,
Steinberger Slough,-122.232637,37.537534,CA,STN_T1_40,T1,40,0,0,0,0,,,,
Steinberger Slough,-122.232416,37.537571,CA,STN_T1_60,T1,60,1,0,0,0,,,,
Steinberger Slough,-122.232194,37.537607,CA,STN_T1_80,T1,80,1,0,0,0,,,,
Steinberger Slough,-122.231972,37.537644,CA,STN_T1_100,T1,100,0,0,0,0,,,,
Steinberger Slough,-122.231751,37.53768,CA,STN_T1_120,T1,120,0,0,0,0,,,,
Steinberger Slough,-122.231529,37.537717,CA,STN_T1_140,T1,140,0,0,0,0,,,,
Steinberger Slough,-122.231308,37.537754,CA,STN_T1_160,T1,160,1,0,0,0,,,,
Steinberger Slough,-122.229556,37.541216,CA,STN_T2_20,T2,20,0,0,0,0,,,,
Steinberger Slough,-122.229527,37.541037,CA,STN_T2_40,T2,40,0,0,0,0,,,,
Steinberger Slough,-122.229498,37.540859,CA,STN_T2_60,T2,60,0,0,0,0,,,,
Steinberger Slough,-122.22947,37.54068,CA,STN_T2_80,T2,80,0,0,0,0,,,,
Strip Marsh East,-122.311866,38.12125,JH,SME_T1_20,T1,20,1,0,1,0,,,,
Strip Marsh East,-122.311667,38.121131,JH,SME_T1_40,T1,40,1,0,1,0,,,,
Strip Marsh East,-122.311476,38.121017,JH,SME_T1_60,T1,60,1,0,1,0,,,,
Strip Marsh East,-122.311255,38.120917,JH,SME_T1_80,T1,80,0,0,1,0,,,,
Strip Marsh East,-122.311051,38.120809,JH,SME_T1_100,T1,100,1,0,1,0,,,,
Strip Marsh East,-122.310845,38.120714,JH,SME_T1_120,T1,120,1,0,1,0,,,,
Strip Marsh East,-122.31063,38.120608,JH,SME_T1_140,T1,140,1,0,1,0,,,,
Strip Marsh East,-122.310417,38.12051,JH,SME_T1_160,T1,160,1,0,1,0,,,,
Strip Marsh East,-122.310214,38.1204,JH,SME_T1_180,T1,180,1,0,1,0,,,,
Strip Marsh East,-122.310002,38.120313,JH,SME_T1_200,T1,200,0,0,1,0,,,,
Strip Marsh East,-122.304667,38.110413,JH,SME_T2_20,T2,20,0,0,0,0,,,,
Strip Marsh East,-122.304606,38.110231,JH,SME_T2_40,T2,40,0,0,0,0,,,,
Strip Marsh East,-122.30455,38.110048,JH,SME_T2_60,T2,60,0,0,0,0,,,,
Strip Marsh East,-122.304506,38.109871,JH,SME_T2_80,T2,80,0,0,0,0,,,,
Strip Marsh East,-122.304467,38.109688,JH,SME_T2_100,T2,100,0,0,0,0,,,,
Strip Marsh East,-122.304418,38.109508,JH,SME_T2_120,T2,120,0,0,0,0,,,,
Strip Marsh East,-122.304371,38.109312,JH,SME_T2_140,T2,140,0,0,0,0,,,,
Strip Marsh East,-122.304319,38.109115,JH,SME_T2_160,T2,160,0,0,0,0,,,,
Strip Marsh East,-122.304252,38.108938,JH,SME_T2_180,T2,180,0,0,0,0,,,,
Strip Marsh East,-122.304221,38.108758,JH,SME_T2_200,T2,200,0,0,0,0,,,,
Tiscornia Marsh,-122.496493,37.967906,CA,TIS_T1_20,T1,20,0,0,1,0,,,,
Tiscornia Marsh,-122.496272,37.967951,CA,TIS_T1_40,T1,40,0,0,1,0,,,,
Tiscornia Marsh,-122.496052,37.967996,CA,TIS_T1_60,T1,60,0,0,1,0,,,,
Tiscornia Marsh,-122.495832,37.968041,CA,TIS_T1_80,T1,80,0,0,1,0,,,,
Tiscornia Marsh,-122.495611,37.968087,CA,TIS_T1_100,T1,100,0,1,1,0,,,,
Tiscornia Marsh,-122.495391,37.968132,CA,TIS_T1_120,T1,120,0,0,1,0,,,,
Tiscornia Marsh,-122.496561,37.970146,CA,TIS_T2_20,T2,20,0,1,1,0,,,,
Tiscornia Marsh,-122.496361,37.970231,CA,TIS_T2_40,T2,40,0,1,1,1,,,,
Tiscornia Marsh,-122.496161,37.970317,CA,TIS_T2_60,T2,60,0,1,1,1,,,,
West Family,-122.108868,38.134163,CA,WFA_T1_20,T1,20,1,0,1,0,,,,
West Family,-122.108648,38.134114,CA,WFA_T1_40,T1,40,1,0,0,0,,,,
West Family,-122.108429,38.134065,CA,WFA_T1_60,T1,60,1,1,1,0,,,,
West Family,-122.108209,38.134016,CA,WFA_T1_80,T1,80,1,1,1,0,,,,
West Family,-122.10799,38.133967,CA,WFA_T1_100,T1,100,1,0,1,0,,,,
West Family,-122.10777,38.133918,CA,WFA_T1_120,T1,120,1,1,1,0,,,,
West Family,-122.107551,38.133868,CA,WFA_T1_140,T1,140,1,1,1,0,,,,
West Family,-122.107331,38.133819,CA,WFA_T1_160,T1,160,1,0,0,0,,,,
West Family,-122.107112,38.13377,CA,WFA_T1_180,T1,180,1,0,0,0,,,,
West Family,-122.108182,38.135733,CA,WFA_T2_20,T2,20,1,0,1,0,,,,
West Family,-122.108099,38.135566,CA,WFA_T2_40,T2,40,1,0,1,0,,,,
West Family,-122.108016,38.135398,CA,WFA_T2_60,T2,60,1,0,1,0,,,,
West Family,-122.107933,38.13523,CA,WFA_T2_80,T2,80,1,1,1,0,,,,
West Family,-122.10785,38.135062,CA,WFA_T2_100,T2,100,1,0,0,0,,,,
West Family,-122.107767,38.134894,CA,WFA_T2_120,T2,120,1,0,1,0,,,,
West Family,-122.107684,38.134726,CA,WFA_T2_140,T2,140,1,0,0,0,,,,
West Family,-122.107601,38.134559,CA,WFA_T2_160,T2,160,1,0,0,0,,,,
West Sonoma Creek,-122.405174,38.157602,CA,WSC_T1_20,T1,20,1,0,0,1,,,,
West Sonoma Creek,-122.405365,38.1577,CA,WSC_T1_40,T1,40,1,0,0,0,,,,
West Sonoma Creek,-122.405557,38.157799,CA,WSC_T1_60,T1,60,1,0,0,0,,,,
West Sonoma Creek,-122.405748,38.157897,CA,WSC_T1_80,T1,80,1,0,1,0,,,,
West Sonoma Creek,-122.405939,38.157995,CA,WSC_T1_100,T1,100,1,0,1,0,,,,
West Sonoma Creek,-122.406131,38.158093,CA,WSC_T1_120,T1,120,1,0,0,0,,,,
West Sonoma Creek,-122.406322,38.158191,CA,WSC_T1_140,T1,140,0,0,0,0,,,,
West Sonoma Creek,-122.396827,38.159297,CA,WSC_T2_20,T2,20,1,0,0,0,,,,
West Sonoma Creek,-122.396815,38.159477,CA,WSC_T2_40,T2,40,1,0,0,0,,,,
West Sonoma Creek,-122.396804,38.159657,CA,WSC_T2_60,T2,60,0,0,0,0,,,,
West Sonoma Creek,-122.396793,38.159837,CA,WSC_T2_80,T2,80,0,0,0,0,,,,
West Sonoma Creek,-122.396781,38.160017,CA,WSC_T2_100,T2,100,0,0,0,0,,,,
West Sonoma Creek,-122.39677,38.160197,CA,WSC_T2_120,T2,120,0,0,0,0,,,,
West Sonoma Creek,-122.396759,38.160377,CA,WSC_T2_140,T2,140,0,0,0,0,,,,
West Sonoma Creek,-122.396747,38.160557,CA,WSC_T2_160,T2,160,0,0,0,0,,,,
West Sonoma Creek,-122.396736,38.160737,CA,WSC_T2_180,T2,180,0,0,0,0,,,,
West Sonoma Creek,-122.396725,38.160917,CA,WSC_T2_200,T2,200,1,0,0,0,,,,
White Slough,-122.261849,38.132983,JH,WSL_T1_20,T1,20,0,0,0,0,,,,
White Slough,-122.261946,38.13316,JH,WSL_T1_40,T1,40,0,0,0,0,,,,
White Slough,-122.262086,38.133291,JH,WSL_T1_60,T1,60,0,0,0,0,,,,
White Slough,-122.262198,38.133449,JH,WSL_T1_80,T1,80,0,0,0,0,,,,
White Slough,-122.262291,38.133604,JH,WSL_T1_100,T1,100,1,0,0,0,,,,
White Slough,-122.262421,38.133729,JH,WSL_T1_120,T1,120,1,0,0,0,,,,
White Slough,-122.262575,38.133879,JH,WSL_T1_140,T1,140,1,0,0,0,,,,
White Slough,-122.262711,38.134032,JH,WSL_T1_160,T1,160,0,0,0,0,,,,
White Slough,-122.262838,38.134194,JH,WSL_T1_180,T1,180,1,0,0,0,,,,
White Slough,-122.262937,38.134358,JH,WSL_T1_200,T1,200,0,0,0,0,,,,
White Slough,-122.262866,38.132137,JH,WSL_T2_20,T2,20,1,0,1,0,,,,
White Slough,-122.263056,38.132047,JH,WSL_T2_40,T2,40,1,0,0,0,,,,
White Slough,-122.2632,38.131907,JH,WSL_T2_60,T2,60,1,0,0,0,,,,
White Slough,-122.263424,38.131975,JH,WSL_T2_80,T2,80,0,0,0,0,,,,
White Slough,-122.26363,38.132091,JH,WSL_T2_100,T2,100,1,0,1,0,,,,
White Slough,-122.263817,38.132202,JH,WSL_T2_120,T2,120,1,0,1,0,,,,
White Slough,-122.264041,38.13227,JH,WSL_T2_140,T2,140,1,0,0,0,,,,
White Slough,-122.264254,38.132365,JH,WSL_T2_160,T2,160,0,0,0,0,,,,
White Slough,-122.264463,38.132435,JH,WSL_T2_180,T2,180,1,0,0,0,,,,
White Slough,-122.264673,38.132488,JH,WSL_T2_200,T2,200,0,0,0,0,,,,
Winter Island,-121.848856,38.047445,JH,WIN_T1_20,T1,20,0,0,0,0,,,,
Winter Island,-121.848886,38.047267,JH,WIN_T1_40,T1,40,0,0,0,0,,,,
Winter Island,-121.849051,38.047155,JH,WIN_T1_60,T1,60,0,0,0,0,,,,
Winter Island,-121.849184,38.047008,JH,WIN_T1_80,T1,80,0,0,0,0,,,,
Winter Island,-121.849323,38.046865,JH,WIN_T1_100,T1,100,0,0,0,0,,,,
